row_number,datetime,lat,lng,stop_duration,subject_age,subject_height,subject_sex,officer_id_hash,type,violation,arrest_made,citation_issued,warning_issued,outcome,contraband_found,contraband_drugs,contraband_weapons,frisk_performed,search_conducted,search_person,search_vehicle,search_basis,reason_for_stop,driver_suspected_under_influence,area_risk,officer_heart_rate
2791261,2013-08-25_00:54:00,-26.208941299999992,27.965272500000026,33.31261439322061,28.0,medium,male,82f2e31c2b,vehicular,vehicle equipment violation,False,False,True,warning,False,False,False,False,True,False,True,plain view,vehicle equipment violation,False,very high,69
2159817,2012-05-29_16:25:00,-26.208941299999992,27.965272500000026,27.777340180199012,52.0,tall,male,82f2e31c2b,vehicular,seatbelt violation,False,True,False,citation,False,False,False,False,True,False,True,plain view,seatbelt violation,False,very high,58
2131045,2011-05-25_03:02:00,-26.15954579999999,27.96152730000003,36.30275630114202,35.0,tall,male,82f2e31c2b,vehicular,moving traffic violation,False,False,True,warning,False,False,False,False,True,False,True,plain view,moving traffic violation,False,very high,68
1756408,2013-03-08_22:54:00,-26.1971305,27.96500460000003,18.360995354818403,29.0,tall,female,82f2e31c2b,vehicular,vehicle equipment violation,False,False,True,warning,False,False,False,False,True,False,True,plain view,vehicle equipment violation,False,very high,64
2487945,2016-07-12_21:41:00,-26.181831200000005,27.969563600000043,28.713489517849364,47.0,medium,male,b3d18aa8ec,vehicular,seatbelt violation,False,False,True,warning,False,False,False,False,True,False,True,plain view,seatbelt violation,False,very high,81
2911461,2015-09-12_04:05:00,-26.166754599999997,27.953942600000005,36.93457241220588,23.0,medium,female,82f2e31c2b,vehicular,vehicle equipment violation,False,False,True,warning,False,False,False,False,True,False,True,plain view,vehicle equipment violation,False,very high,63
1793106,2016-04-01_20:56:00,-26.162984,27.96626590000001,20.743947624482885,19.0,medium,female,d6864f2be6,vehicular,vehicle equipment violation,False,False,True,warning,False,False,False,False,True,False,True,plain view,vehicle equipment violation,False,very high,90
2298334,2015-06-17_02:48:00,-26.158159399999995,27.965265000000002,19.002573523141503,35.0,tall,female,82f2e31c2b,vehicular,vehicle equipment violation,False,False,True,warning,False,False,False,False,True,False,True,plain view,vehicle equipment violation,True,very high,65
2205376,2014-05-06_16:44:00,-26.1769181,27.965976099999992,30.58042369822271,21.0,medium,male,b3d18aa8ec,vehicular,moving traffic violation,False,False,True,warning,False,False,False,False,True,False,True,plain view,moving traffic violation,False,very high,81
1497855,2013-02-06_05:27:00,-26.168975299999985,27.952820200000005,24.36368522944016,28.0,tall,female,82f2e31c2b,vehicular,moving traffic violation,False,False,True,warning,False,False,False,False,True,False,True,plain view,moving traffic violation,False,very high,70
149563,2011-10-30_04:21:00,-26.16539559999999,27.95309179999998,28.917415153552135,28.0,tall,female,82f2e31c2b,vehicular,moving traffic violation,False,False,True,warning,False,False,False,False,True,False,True,plain view,moving traffic violation,False,very high,71
1857353,2011-04-20_05:28:00,-26.208941299999992,27.965272500000026,28.954895056613672,53.0,tall,male,82f2e31c2b,vehicular,moving traffic violation,False,False,True,warning,False,False,False,False,True,False,True,plain view,moving traffic violation,False,very high,71
249897,2013-11-12_21:05:00,-26.1826843,27.972114900000008,19.966102275073517,32.0,tall,male,82f2e31c2b,vehicular,vehicle equipment violation,False,False,True,warning,False,False,False,False,True,False,True,plain view,vehicle equipment violation,False,very high,55
884620,2017-02-17_21:08:00,-26.1866258,27.9851625,31.622817751079854,28.0,medium,male,b3d18aa8ec,vehicular,vehicle equipment violation,False,True,False,citation,True,True,False,True,True,True,True,plain view,vehicle equipment violation,False,very high,106
2494863,2016-07-13_21:54:00,-26.176867899999998,27.968157000000005,24.032323682377452,20.0,medium,male,b3d18aa8ec,vehicular,moving traffic violation,False,False,True,warning,False,False,False,False,True,False,True,plain view,moving traffic violation,False,very high,81
445882,2015-01-16_01:13:00,-26.158159399999995,27.965265000000002,23.116403975767522,33.0,tall,male,82f2e31c2b,vehicular,vehicle equipment violation,False,False,True,warning,False,False,False,False,True,False,True,plain view,vehicle equipment violation,True,very high,60
1819795,2012-04-15_21:25:00,-26.1884448,27.9894053,35.955859337943465,54.0,medium,male,82f2e31c2b,vehicular,vehicle equipment violation,False,False,True,warning,False,False,False,False,True,False,True,plain view,vehicle equipment violation,False,very high,73
1373072,2011-02-17_04:16:00,-26.15954579999999,27.96152730000003,21.536754934261978,21.0,tall,female,82f2e31c2b,vehicular,moving traffic violation,False,False,True,warning,False,False,False,False,True,False,True,plain view,moving traffic violation,False,very high,59
2074430,2014-05-18_00:15:00,-26.166754599999997,27.953942600000005,22.327359949658693,23.0,tall,female,82f2e31c2b,vehicular,moving traffic violation,True,False,False,arrest,False,False,False,True,True,True,True,plain view,moving traffic violation,False,very high,57
2942547,2011-09-17_00:49:00,-26.18829329999999,27.951316100000028,29.701020731025217,18.0,medium,male,82f2e31c2b,vehicular,moving traffic violation,False,False,True,warning,False,False,False,False,True,False,True,plain view,moving traffic violation,False,very high,69
3052221,2011-09-04_01:12:00,-26.1627821,27.950372,37.513080767434545,38.0,tall,male,82f2e31c2b,vehicular,vehicle equipment violation,False,False,True,warning,False,False,False,False,True,False,True,plain view,vehicle equipment violation,False,very high,66
2503444,2011-07-15_21:51:00,-26.179454999999997,27.961686,21.443575672187997,27.0,tall,male,498350de5b,vehicular,moving traffic violation,False,False,True,warning,False,False,False,True,True,True,False,consent,moving traffic violation,False,very high,70
796630,2011-01-04_19:07:00,-26.1826843,27.972114900000008,27.368664303392116,49.0,medium,male,498350de5b,vehicular,vehicle equipment violation,False,False,True,warning,False,False,False,True,True,True,True,consent,vehicle equipment violation,False,very high,74
1857078,2011-04-20_03:23:00,-26.171409699999998,27.947233200000028,37.19507274635488,23.0,tall,female,82f2e31c2b,vehicular,moving traffic violation,False,False,True,warning,False,False,False,False,True,False,True,plain view,moving traffic violation,False,very high,71
2145683,2012-05-27_01:39:00,-26.1623589,27.951351000000003,31.263861622887674,23.0,medium,male,82f2e31c2b,vehicular,vehicle equipment violation,False,False,True,warning,False,False,False,False,True,False,True,plain view,vehicle equipment violation,False,very high,61
1765891,2013-03-09_20:33:00,-26.170634399999997,27.949033299999982,29.642835328167905,18.0,tall,female,82f2e31c2b,vehicular,moving traffic violation,False,False,True,warning,False,False,False,False,True,False,True,plain view,moving traffic violation,False,very high,64
3038721,2011-09-30_00:30:00,-26.1849348,27.95107209999999,28.60502402954526,26.0,tall,male,82f2e31c2b,vehicular,vehicle equipment violation,False,False,True,warning,False,False,False,False,True,False,True,plain view,vehicle equipment violation,False,very high,63
2401651,2013-06-30_22:03:00,-26.171409699999998,27.947233200000028,25.23879805604884,51.0,tall,male,82f2e31c2b,vehicular,vehicle equipment violation,False,False,True,warning,False,False,False,False,True,False,True,plain view,vehicle equipment violation,False,very high,64
3067440,2012-09-06_20:06:00,-26.182450099999997,27.971398300000004,24.924077772201567,35.0,tall,male,498350de5b,vehicular,vehicle equipment violation,True,False,True,arrest,False,False,False,True,True,True,True,other,vehicle equipment violation,False,very high,61
2795224,2010-08-26_23:32:00,-26.1945232,27.954716199999964,21.540862120332708,23.0,medium,female,2b7a7efb70,vehicular,vehicle equipment violation,False,True,True,citation,False,False,False,False,True,True,False,consent,vehicle equipment violation,False,very high,89
2975491,2016-09-21_19:45:00,-26.199027,27.974035300000025,27.951430747360096,22.0,medium,female,82f2e31c2b,vehicular,vehicle equipment violation,False,False,True,warning,False,False,False,False,True,False,True,plain view,vehicle equipment violation,False,very high,72
369885,2012-11-28_22:31:00,-26.196053399999997,27.971198200000018,32.48491478056947,26.0,tall,male,82f2e31c2b,vehicular,moving traffic violation,False,False,True,warning,False,False,False,False,True,False,True,plain view,moving traffic violation,False,very high,64
2160250,2012-05-29_20:24:00,-26.208941299999992,27.965272500000026,18.81648187325378,21.0,medium,male,82f2e31c2b,vehicular,seatbelt violation,False,True,False,citation,False,False,False,False,True,False,True,plain view,seatbelt violation,False,very high,69
2469206,2013-07-11_23:32:00,-26.1871833,27.98564590000001,42.30065361105781,31.0,medium,male,82f2e31c2b,vehicular,moving traffic violation,False,False,True,warning,False,False,False,False,True,False,True,plain view,moving traffic violation,False,very high,60
2692770,2012-08-12_23:22:00,-26.168108599999996,27.954823600000026,20.0945846863534,28.0,tall,female,82f2e31c2b,vehicular,registration,False,False,True,warning,False,False,False,False,True,False,True,plain view,registration,False,very high,60
2593380,2013-07-27_00:35:00,-26.168147599999998,27.95067420000001,29.007158669086607,58.0,tall,male,82f2e31c2b,vehicular,vehicle equipment violation,False,False,True,warning,False,False,False,False,True,False,True,plain view,vehicle equipment violation,False,very high,74
2115085,2010-05-23_01:25:00,-26.179308700000007,27.962075400000018,31.363056944485564,25.0,medium,female,82f2e31c2b,vehicular,registration,False,False,True,warning,False,False,False,False,True,False,True,plain view,registration,False,very high,65
2225881,2012-05-09_03:45:00,-26.168433999999998,27.96395340000001,22.54496348860084,36.0,tall,male,82f2e31c2b,vehicular,moving traffic violation,False,False,True,warning,False,False,False,False,True,False,True,plain view,moving traffic violation,True,very high,65
1982902,2012-04-07_23:11:00,-26.196053399999997,27.971198200000018,29.299656146303935,23.0,medium,male,82f2e31c2b,vehicular,vehicle equipment violation,False,False,True,warning,False,False,False,False,True,False,True,plain view,vehicle equipment violation,False,very high,70
2593421,2013-07-27_02:05:00,-26.168460499999995,27.954021300000008,32.43862916624325,40.0,medium,male,82f2e31c2b,vehicular,moving traffic violation,False,False,True,warning,False,False,False,False,True,False,True,plain view,moving traffic violation,False,very high,66
2637027,2013-07-05_23:25:00,-26.1695164,27.951567100000005,42.16374414088054,47.0,tall,male,82f2e31c2b,vehicular,moving traffic violation,False,False,True,warning,False,False,False,False,True,False,True,plain view,moving traffic violation,False,very high,61
1500438,2015-02-06_02:46:00,-26.163697299999995,27.963579800000005,36.79776946118441,25.0,tall,female,82f2e31c2b,vehicular,moving traffic violation,False,False,True,warning,False,False,False,False,True,False,True,plain view,moving traffic violation,False,very high,59
1698221,2016-03-29_19:50:00,-26.199027,27.974035300000025,23.28843999662411,38.0,tall,male,82f2e31c2b,vehicular,vehicle equipment violation,False,False,True,warning,False,False,False,False,True,False,True,plain view,vehicle equipment violation,False,very high,66
608633,2010-01-22_23:25:00,-26.2045963,27.98758740000001,21.402666545005623,20.0,tall,female,82f2e31c2b,vehicular,vehicle equipment violation,False,False,True,warning,False,False,False,False,True,False,True,plain view,vehicle equipment violation,False,very high,71
1532166,2016-03-10_13:39:00,-26.182197599999995,27.97192720000001,16.734508295710587,20.0,medium,female,93ef5d6182,vehicular,seatbelt violation,False,True,True,citation,True,True,False,False,True,False,True,probable cause,seatbelt violation,False,very high,105
2542467,2011-07-21_23:51:00,-26.2079606,27.987200200000004,26.710806385726443,49.0,medium,male,82f2e31c2b,vehicular,moving traffic violation,False,False,True,warning,False,False,False,False,True,True,False,plain view,moving traffic violation,False,very high,67
58496,2014-10-17_00:33:00,-26.16539559999999,27.95309179999998,30.441842851880615,28.0,tall,male,82f2e31c2b,vehicular,vehicle equipment violation,False,False,True,warning,False,False,False,False,True,False,True,plain view,vehicle equipment violation,False,very high,62
1952298,2012-04-03_20:38:00,-26.206044999999996,27.9806035,25.59276000035344,54.0,tall,male,82f2e31c2b,vehicular,moving traffic violation,False,False,True,warning,False,False,False,False,True,False,True,plain view,moving traffic violation,True,very high,65
258497,2015-11-13_03:14:00,-26.15954579999999,27.96152730000003,34.03336750238122,45.0,tall,male,82f2e31c2b,vehicular,moving traffic violation,False,False,True,warning,False,False,False,False,True,False,True,plain view,moving traffic violation,True,very high,68
690122,2013-12-04_02:48:00,-26.162663799999997,27.965148200000044,15.958172331323073,39.0,tall,male,82f2e31c2b,vehicular,moving traffic violation,False,False,True,warning,False,False,False,False,True,False,True,plain view,moving traffic violation,False,very high,68
2209998,2012-05-07_00:07:00,-26.160463199999995,27.951368800000026,26.500152319123334,23.0,tall,female,6f0e6c9ea2,vehicular,vehicle equipment violation,False,True,False,citation,True,True,False,False,True,False,True,probable cause,vehicle equipment violation,False,very high,119
2721867,2013-08-16_02:59:00,-26.164879399999997,27.952764200000004,27.943143879357834,24.0,medium,male,82f2e31c2b,vehicular,moving traffic violation,False,False,True,warning,False,False,False,False,True,False,True,plain view,moving traffic violation,False,very high,62
644146,2013-12-27_00:51:00,-26.168108599999996,27.954823600000026,28.199962392958067,45.0,medium,male,82f2e31c2b,vehicular,moving traffic violation,False,False,True,warning,False,False,False,False,True,False,True,plain view,moving traffic violation,False,very high,69
2697133,2016-08-12_15:59:00,-26.185283499999997,27.979930700000025,21.639899916628927,21.0,tall,male,b3d18aa8ec,vehicular,vehicle equipment violation,False,False,True,warning,False,False,False,False,True,False,True,plain view,vehicle equipment violation,False,very high,75
1928435,2012-04-28_02:01:00,-26.1643567,27.951375999999982,21.64908455020097,26.0,medium,female,82f2e31c2b,vehicular,vehicle equipment violation,False,False,True,warning,False,False,False,False,True,False,True,plain view,vehicle equipment violation,False,very high,66
1607975,2013-03-19_21:14:00,-26.161681,27.969695,26.756937028815198,24.0,medium,male,2b7a7efb70,vehicular,vehicle equipment violation,False,False,True,warning,False,False,False,False,True,True,True,consent,vehicle equipment violation,False,very high,77
1454844,2013-02-27_01:21:00,-26.1720046,27.94582149999998,32.049462745994994,30.0,tall,female,82f2e31c2b,vehicular,moving traffic violation,False,False,True,warning,False,False,False,False,True,False,True,plain view,moving traffic violation,False,very high,66
2522924,2012-07-18_22:53:00,-26.170151700000005,27.950120099999964,20.17371674182992,44.0,tall,male,82f2e31c2b,vehicular,vehicle equipment violation,False,False,True,warning,False,False,False,False,True,False,True,plain view,vehicle equipment violation,False,very high,64
2783716,2012-08-24_03:28:00,-26.158159399999995,27.965265000000002,18.18529910983186,30.0,medium,male,82f2e31c2b,vehicular,moving traffic violation,False,False,True,warning,False,False,False,False,True,False,True,plain view,moving traffic violation,False,very high,61
2073029,2012-05-18_19:05:00,-26.208941299999992,27.965272500000026,33.394720240143364,43.0,tall,male,82f2e31c2b,vehicular,moving traffic violation,False,False,True,warning,False,False,False,False,True,False,True,plain view,moving traffic violation,False,very high,70
2433943,2013-06-06_00:35:00,-26.168698499999998,27.945496300000002,28.468152245812664,31.0,tall,male,82f2e31c2b,vehicular,registration,False,False,True,warning,False,False,False,False,True,False,True,plain view,registration,False,very high,71
1557459,2011-03-13_23:16:00,-26.181617599999996,27.972474599999998,33.03132507090541,38.0,medium,male,93ef5d6182,vehicular,moving traffic violation,False,True,False,citation,True,True,False,True,True,True,True,consent,moving traffic violation,False,very high,105
2651169,2013-07-07_21:48:00,-26.19611729999999,27.971079800000027,28.723370208301976,44.0,medium,male,82f2e31c2b,vehicular,moving traffic violation,False,False,True,warning,False,False,False,False,True,False,True,plain view,moving traffic violation,False,very high,56
2316109,2011-06-20_00:12:00,-26.1871833,27.98564590000001,32.03622504702708,24.0,medium,female,82f2e31c2b,vehicular,moving traffic violation,False,False,True,warning,False,False,False,False,True,False,True,plain view,moving traffic violation,False,very high,70
269503,2012-11-15_15:46:00,-26.206044999999996,27.9806035,27.69011691587635,29.0,tall,male,6f0e6c9ea2,vehicular,vehicle equipment violation,False,True,False,citation,False,False,False,True,True,True,False,consent,vehicle equipment violation,False,very high,82
900328,2017-03-11_17:00:00,-26.1957654,27.950910800000003,33.87382130102441,35.0,medium,female,2b7a7efb70,vehicular,moving traffic violation,False,False,True,warning,False,False,False,True,True,True,True,consent,moving traffic violation,False,very high,76
2699436,2012-08-13_01:07:00,-26.1709745,27.9541502,22.34939147804531,19.0,tall,male,6f0e6c9ea2,vehicular,vehicle equipment violation,True,True,False,arrest,False,False,False,True,True,True,True,other,vehicle equipment violation,False,very high,77
1665782,2016-03-25_20:15:00,-26.1884448,27.9894053,20.938175711720966,39.0,medium,female,9d1e57a193,vehicular,vehicle equipment violation,False,False,True,warning,False,False,False,True,True,True,True,consent,vehicle equipment violation,True,very high,76
2355195,2010-06-24_17:41:00,-26.208941299999992,27.965272500000026,26.25455037354994,26.0,tall,male,82f2e31c2b,vehicular,moving traffic violation,False,False,True,warning,False,False,False,False,True,False,True,plain view,moving traffic violation,False,very high,61
2404602,2015-06-30_03:50:00,-26.1643567,27.951375999999982,29.890858098858715,52.0,tall,male,82f2e31c2b,vehicular,moving traffic violation,False,False,True,warning,False,False,False,False,True,False,True,plain view,moving traffic violation,False,very high,68
2673518,2013-08-10_23:18:00,-26.19611729999999,27.971079800000027,12.73410367670681,51.0,tall,male,82f2e31c2b,vehicular,moving traffic violation,False,False,True,warning,False,False,False,False,True,False,True,plain view,moving traffic violation,False,very high,67
2494862,2016-07-13_21:54:00,-26.175901599999996,27.9682947,31.17765241282754,18.0,medium,female,b3d18aa8ec,vehicular,moving traffic violation,False,False,True,warning,False,False,False,False,True,False,True,plain view,moving traffic violation,False,very high,79
563118,2012-12-16_04:51:00,-26.163429899999997,27.96354909999998,12.413873482334257,61.0,tall,female,2b7a7efb70,vehicular,investigative stop,False,False,True,warning,False,False,False,False,True,True,True,consent,investigative stop,False,very high,84
2713069,2012-08-15_02:28:00,-26.171409699999998,27.947233200000028,29.81554499236317,32.0,tall,male,82f2e31c2b,vehicular,moving traffic violation,False,False,True,warning,False,False,False,False,True,False,True,plain view,moving traffic violation,False,very high,67
3081644,2013-09-08_20:55:00,-26.19611729999999,27.971079800000027,28.62695253330398,22.0,tall,female,82f2e31c2b,vehicular,moving traffic violation,False,False,True,warning,False,False,False,False,True,False,True,plain view,moving traffic violation,False,very high,67
152064,2013-10-30_17:41:00,-26.157004899999997,27.961818199999982,29.09828078797285,23.0,medium,female,2b7a7efb70,vehicular,vehicle equipment violation,True,False,True,arrest,True,True,False,False,True,True,True,consent,vehicle equipment violation,False,very high,108
2547596,2016-07-21_19:52:00,-26.1826843,27.972114900000008,35.62134388312048,54.0,medium,male,b3d18aa8ec,vehicular,moving traffic violation,False,False,True,warning,False,False,False,False,True,False,True,plain view,moving traffic violation,False,very high,76
2647127,2016-07-06_21:49:00,-26.1779572,27.968005100000028,13.371949754320548,42.0,medium,male,b3d18aa8ec,vehicular,moving traffic violation,False,False,True,warning,False,False,False,False,True,False,True,plain view,moving traffic violation,False,very high,71
1762749,2011-03-09_05:05:00,-26.1956774,27.949269200000003,23.001162958185223,33.0,tall,male,82f2e31c2b,vehicular,moving traffic violation,False,False,True,warning,False,False,False,False,True,False,True,plain view,moving traffic violation,False,very high,60
3052278,2011-09-04_00:09:00,-26.188057799999996,27.988251600000027,30.98057299947992,21.0,tall,male,82f2e31c2b,vehicular,vehicle equipment violation,False,False,True,warning,False,False,False,False,True,False,True,plain view,vehicle equipment violation,False,very high,68
1566149,2012-03-14_02:16:00,-26.158159399999995,27.965265000000002,37.26699725303303,22.0,tall,male,82f2e31c2b,vehicular,moving traffic violation,False,False,True,warning,False,False,False,False,True,False,True,plain view,moving traffic violation,False,very high,63
2134311,2014-05-25_00:36:00,-26.176173499999997,27.973908900000026,24.54288951213356,19.0,tall,male,82f2e31c2b,vehicular,moving traffic violation,False,False,True,warning,False,False,False,False,True,False,True,plain view,moving traffic violation,False,very high,64
18200,2014-10-01_03:29:00,-26.165032699999998,27.953908200000043,28.11621911607778,23.0,tall,male,82f2e31c2b,vehicular,moving traffic violation,False,False,True,warning,False,False,False,False,True,False,True,plain view,moving traffic violation,False,very high,61
2647126,2016-07-06_21:49:00,-26.1779572,27.968005100000028,38.31681373159389,32.0,medium,male,b3d18aa8ec,vehicular,seatbelt violation,False,False,True,warning,False,False,False,False,True,False,True,plain view,seatbelt violation,False,very high,88
2160267,2012-05-29_20:29:00,-26.208941299999992,27.965272500000026,16.387036928587595,65.0,tall,male,82f2e31c2b,vehicular,seatbelt violation,False,True,False,citation,False,False,False,False,True,False,True,plain view,seatbelt violation,False,very high,64
841543,2012-01-09_01:32:00,-26.1587016,27.978427200000027,34.2703644714075,54.0,medium,female,2b7a7efb70,vehicular,moving traffic violation,False,False,True,warning,False,False,False,False,True,True,False,consent,moving traffic violation,True,very high,92
839949,2010-01-09_00:40:00,-26.205384799999997,27.978044000000025,44.23016474629957,57.0,medium,male,82f2e31c2b,vehicular,vehicle equipment violation,False,False,True,warning,False,False,False,False,True,False,True,plain view,vehicle equipment violation,False,very high,72
1710118,2013-03-31_02:34:00,-26.171104899999996,27.947920200000027,25.7659498918217,24.0,tall,female,82f2e31c2b,vehicular,vehicle equipment violation,False,False,True,warning,False,False,False,False,True,False,True,plain view,vehicle equipment violation,False,very high,73
589690,2012-01-02_01:22:00,-26.162414300000002,27.967801400000027,23.199020905846446,31.0,medium,male,2b7a7efb70,vehicular,moving traffic violation,False,False,True,warning,False,False,False,False,True,True,True,consent,moving traffic violation,False,very high,83
1370655,2016-02-16_17:09:00,-26.185283499999997,27.979930700000025,42.22955035742833,27.0,medium,male,b3d18aa8ec,vehicular,vehicle equipment violation,False,False,True,warning,False,False,False,False,True,False,True,plain view,vehicle equipment violation,False,very high,81
2307636,2016-06-18_00:19:00,-26.16517379999999,27.962022500000003,32.24334652803485,47.0,tall,female,82f2e31c2b,vehicular,vehicle equipment violation,False,False,True,warning,False,False,False,False,True,False,True,plain view,vehicle equipment violation,False,very high,72
684629,2011-12-04_00:49:00,-26.208941299999992,27.965272500000026,31.56824854631554,24.0,tall,female,82f2e31c2b,vehicular,moving traffic violation,False,False,True,warning,False,False,False,False,True,False,True,plain view,moving traffic violation,False,very high,69
548493,2011-12-14_02:28:00,-26.15954579999999,27.96152730000003,24.805868764866375,25.0,tall,male,82f2e31c2b,vehicular,moving traffic violation,False,False,True,warning,False,False,False,False,True,False,True,plain view,moving traffic violation,True,very high,61
337607,2013-11-22_00:50:00,-26.208941299999992,27.965272500000026,22.29592667200051,25.0,short,male,6f0e6c9ea2,vehicular,moving traffic violation,False,True,False,citation,False,False,False,True,True,True,False,consent,moving traffic violation,False,very high,85
463938,2010-01-18_00:18:00,-26.171104899999996,27.947920200000027,25.963386186843344,18.0,tall,male,82f2e31c2b,vehicular,moving traffic violation,False,False,True,warning,False,False,False,False,True,False,True,plain view,moving traffic violation,False,very high,70
2134915,2015-05-25_01:06:00,-26.171104899999996,27.947920200000027,23.351365295652165,55.0,medium,male,82f2e31c2b,vehicular,vehicle equipment violation,False,False,True,warning,False,False,False,False,True,False,True,plain view,vehicle equipment violation,False,very high,69
1899670,2013-04-24_02:52:00,-26.162663799999997,27.965148200000044,22.87981807439479,26.0,tall,male,82f2e31c2b,vehicular,moving traffic violation,False,False,True,warning,False,False,False,False,True,False,True,plain view,moving traffic violation,False,very high,60
2487946,2016-07-12_21:41:00,-26.184469199999995,27.97745520000001,19.690754463962584,41.0,medium,female,b3d18aa8ec,vehicular,seatbelt violation,False,False,True,warning,False,False,False,False,True,False,True,plain view,seatbelt violation,False,very high,83
1536483,2013-03-11_14:16:00,-26.895781,17.322176600000006,28.599379002704755,32.0,medium,male,01aa59bb70,vehicular,moving traffic violation,False,False,True,warning,False,False,False,True,True,False,True,consent,moving traffic violation,True,low,63
2748309,2012-08-20_16:30:00,-26.895781,17.322176600000006,30.01950846041245,41.0,tall,male,01aa59bb70,vehicular,moving traffic violation,False,False,True,warning,True,True,False,False,True,True,True,consent,moving traffic violation,False,low,98
249183,2013-11-12_13:40:00,-26.895781,17.322176600000006,39.849947350939125,44.0,tall,male,01aa59bb70,vehicular,moving traffic violation,False,False,True,warning,False,False,False,False,True,False,True,consent,moving traffic violation,False,low,58
1512268,2012-02-08_13:29:00,-26.895781,17.322176600000006,45.620089150442816,52.0,medium,male,01aa59bb70,vehicular,moving traffic violation,False,False,True,warning,False,False,False,True,True,False,True,consent,moving traffic violation,False,low,62
178118,2012-10-05_14:40:00,-26.895781,17.322176600000006,24.99038021399746,59.0,tall,female,01aa59bb70,vehicular,moving traffic violation,False,False,True,warning,False,False,False,False,True,False,True,consent,moving traffic violation,False,low,62
800558,2013-01-04_09:45:00,-26.895781,17.322176600000006,21.68830153782248,24.0,medium,male,9d1e57a193,vehicular,moving traffic violation,False,False,True,warning,False,False,False,True,True,True,True,consent,moving traffic violation,False,low,62
2488304,2010-07-13_14:00:00,-26.895781,17.322176600000006,23.630684434035246,30.0,short,male,9d1e57a193,vehicular,vehicle equipment violation,False,False,True,warning,False,False,False,False,True,False,True,consent,vehicle equipment violation,False,low,59
1773849,2014-04-10_11:15:00,-26.895781,17.322176600000006,25.11010223394288,60.0,medium,male,9d1e57a193,vehicular,moving traffic violation,False,False,True,warning,False,False,False,True,True,True,True,consent,moving traffic violation,False,low,68
834102,2013-01-08_12:45:00,-26.895781,17.322176600000006,40.88551883781447,61.0,tall,male,01aa59bb70,vehicular,moving traffic violation,False,False,True,warning,True,True,False,False,True,False,True,consent,moving traffic violation,False,low,97
2325317,2012-06-21_10:52:00,-26.895781,17.322176600000006,15.348092720922661,33.0,short,male,01aa59bb70,vehicular,moving traffic violation,False,False,True,warning,False,False,False,False,True,True,True,consent,moving traffic violation,False,low,65
2508263,2010-07-16_10:24:00,-26.895781,17.322176600000006,35.32744161710807,26.0,medium,male,01aa59bb70,vehicular,moving traffic violation,False,False,True,warning,False,False,False,False,True,True,True,consent,moving traffic violation,False,low,66
1891049,2013-04-23_13:00:00,-26.895781,17.322176600000006,29.478333627063922,34.0,medium,female,9d1e57a193,vehicular,moving traffic violation,False,False,True,warning,False,False,False,False,True,False,True,consent,moving traffic violation,False,low,65
3004913,2012-09-25_11:00:00,-26.895781,17.322176600000006,16.741185136488138,20.0,short,male,9d1e57a193,vehicular,moving traffic violation,False,False,True,warning,True,True,False,True,True,True,True,plain view,moving traffic violation,False,low,95
2699657,2012-08-13_13:51:00,-26.895781,17.322176600000006,19.267148125948513,34.0,medium,male,01aa59bb70,vehicular,moving traffic violation,False,False,True,warning,False,False,False,False,True,False,True,probable cause,moving traffic violation,False,low,61
1857860,2012-04-20_10:50:00,-26.895781,17.322176600000006,29.24144767571007,67.0,medium,male,9d1e57a193,vehicular,moving traffic violation,False,False,True,warning,False,False,False,False,True,False,True,consent,moving traffic violation,False,low,58
1738703,2012-03-06_13:43:00,-26.895781,17.322176600000006,31.283146988860672,28.0,short,male,01aa59bb70,vehicular,moving traffic violation,False,False,True,warning,True,True,False,False,True,True,True,consent,moving traffic violation,False,low,86
50134,2012-10-16_09:55:00,-26.895781,17.322176600000006,27.175407561401098,45.0,medium,male,9d1e57a193,vehicular,moving traffic violation,False,False,True,warning,False,False,False,True,True,True,True,consent,moving traffic violation,False,low,67
157872,2012-10-31_09:16:00,-26.895781,17.322176600000006,21.996806816992795,30.0,short,male,01aa59bb70,vehicular,moving traffic violation,False,False,True,warning,False,False,False,False,True,True,True,consent,moving traffic violation,False,low,55
2762125,2012-08-02_10:46:00,-26.895781,17.322176600000006,16.70348297433504,58.0,tall,male,01aa59bb70,vehicular,moving traffic violation,False,False,True,warning,True,True,False,False,True,False,True,consent,moving traffic violation,False,low,74
123626,2012-10-26_10:27:00,-26.895781,17.322176600000006,26.04972473218033,38.0,medium,male,9d1e57a193,vehicular,moving traffic violation,True,False,True,arrest,True,False,False,True,True,True,True,probable cause,moving traffic violation,False,low,66
3026976,2012-09-28_08:28:00,-26.895781,17.322176600000006,23.806485766497723,55.0,tall,male,01aa59bb70,vehicular,moving traffic violation,False,False,True,warning,False,False,False,False,True,True,True,consent,moving traffic violation,False,low,60
1461675,2012-02-28_15:00:00,-26.895781,17.322176600000006,29.1299151679705,32.0,tall,male,9d1e57a193,vehicular,moving traffic violation,True,False,True,arrest,True,True,False,True,True,True,True,probable cause,moving traffic violation,False,low,80
3005242,2012-09-25_13:45:00,-26.895781,17.322176600000006,19.911589741392223,40.0,medium,male,9d1e57a193,vehicular,moving traffic violation,False,False,True,warning,False,False,False,False,True,False,True,consent,moving traffic violation,False,low,52
1552452,2013-03-12_14:27:00,-26.895781,17.322176600000006,31.31516630260632,43.0,tall,female,01aa59bb70,vehicular,moving traffic violation,False,False,True,warning,False,False,False,False,True,True,True,consent,moving traffic violation,False,low,65
2501446,2010-07-15_12:40:00,-26.895781,17.322176600000006,27.62680084845575,26.0,short,male,9d1e57a193,vehicular,vehicle equipment violation,False,False,True,warning,False,False,False,False,True,False,True,consent,vehicle equipment violation,False,low,64
1914460,2012-04-26_15:18:00,-26.895781,17.322176600000006,26.94556644945245,25.0,medium,male,01aa59bb70,vehicular,moving traffic violation,False,False,True,warning,False,False,False,False,True,True,True,probable cause,moving traffic violation,False,low,68
2603008,2010-07-29_15:35:00,-26.895781,17.322176600000006,26.85251075273385,34.0,medium,male,9d1e57a193,vehicular,moving traffic violation,False,False,True,warning,False,False,False,False,True,False,True,consent,moving traffic violation,False,low,72
247704,2012-11-12_13:00:00,-26.895781,17.322176600000006,24.163015361901245,35.0,tall,male,9d1e57a193,vehicular,vehicle equipment violation,False,False,True,warning,False,False,False,False,True,False,True,consent,vehicle equipment violation,False,low,69
2109612,2012-05-22_15:42:00,-26.895781,17.322176600000006,28.314979145215926,38.0,short,male,01aa59bb70,vehicular,moving traffic violation,False,False,True,warning,False,False,False,False,True,True,True,consent,moving traffic violation,False,low,77
2104155,2013-05-02_15:00:00,-26.895781,17.322176600000006,33.978343035175236,25.0,tall,male,9d1e57a193,vehicular,moving traffic violation,False,False,True,warning,False,False,False,False,True,False,True,consent,moving traffic violation,False,low,61
37219,2013-10-14_14:00:00,-26.895781,17.322176600000006,44.43989326108573,41.0,medium,male,9d1e57a193,vehicular,moving traffic violation,False,False,True,warning,False,False,False,False,True,False,True,consent,moving traffic violation,False,low,63
2510717,2012-07-16_09:18:00,-26.895781,17.322176600000006,31.74115808332466,35.0,medium,male,01aa59bb70,vehicular,moving traffic violation,True,False,False,arrest,True,True,False,False,True,True,True,probable cause,moving traffic violation,False,low,105
1344472,2012-02-13_09:40:00,-26.895781,17.322176600000006,20.648585345434398,65.0,tall,male,01aa59bb70,vehicular,moving traffic violation,False,False,True,warning,False,False,False,False,True,False,True,consent,moving traffic violation,False,low,58
2088750,2013-05-20_14:00:00,-26.895781,17.322176600000006,16.548488877908333,37.0,medium,male,9d1e57a193,vehicular,moving traffic violation,False,False,True,warning,False,False,False,True,True,True,True,consent,moving traffic violation,False,low,62
692249,2014-01-24_11:00:00,-26.895781,17.322176600000006,47.316761023911184,30.0,short,male,9d1e57a193,vehicular,moving traffic violation,False,False,True,warning,False,False,False,False,True,False,True,consent,moving traffic violation,False,low,56
437022,2012-11-06_10:51:00,-26.895781,17.322176600000006,19.104384809914155,26.0,short,male,01aa59bb70,vehicular,moving traffic violation,False,False,True,warning,False,False,False,False,True,True,True,consent,moving traffic violation,False,low,71
1481996,2013-02-04_15:19:00,-26.895781,17.322176600000006,18.36916942746499,31.0,tall,male,01aa59bb70,vehicular,moving traffic violation,False,False,True,warning,True,True,False,False,True,True,True,consent,moving traffic violation,False,low,82
2609586,2010-07-30_13:32:00,-26.895781,17.322176600000006,25.249514036851068,42.0,tall,male,01aa59bb70,vehicular,moving traffic violation,False,False,True,warning,False,False,False,False,True,True,True,consent,moving traffic violation,False,low,57
2610130,2010-07-30_09:15:00,-26.895781,17.322176600000006,30.492143183791207,41.0,short,male,9d1e57a193,vehicular,moving traffic violation,False,False,True,warning,False,False,False,False,True,False,True,consent,moving traffic violation,False,low,71
1558481,2012-03-13_13:24:00,-26.895781,17.322176600000006,22.392729616401084,34.0,tall,male,01aa59bb70,vehicular,moving traffic violation,False,False,True,warning,False,False,False,True,True,False,True,consent,moving traffic violation,False,low,57
2398931,2010-06-30_10:00:00,-26.895781,17.322176600000006,21.652814420876606,26.0,medium,male,9d1e57a193,vehicular,moving traffic violation,False,False,True,warning,False,False,False,True,True,False,True,consent,moving traffic violation,False,low,66
3088427,2013-09-09_15:01:00,-26.895781,17.322176600000006,36.027180042778475,50.0,tall,male,01aa59bb70,vehicular,moving traffic violation,False,False,True,warning,False,False,False,False,True,True,True,consent,moving traffic violation,False,low,59
1668768,2012-03-26_14:38:00,-26.895781,17.322176600000006,33.386472391389965,24.0,tall,male,01aa59bb70,vehicular,moving traffic violation,False,False,True,warning,False,False,False,False,True,False,True,consent,moving traffic violation,False,low,68
1958617,2012-04-04_10:40:00,-26.895781,17.322176600000006,18.825917918444024,31.0,short,male,9d1e57a193,vehicular,moving traffic violation,False,False,True,warning,False,False,False,False,True,False,True,consent,moving traffic violation,False,low,60
1351376,2012-02-14_10:15:00,-26.895781,17.322176600000006,24.917432953035956,45.0,tall,male,9d1e57a193,vehicular,moving traffic violation,False,False,True,warning,False,False,False,True,True,True,True,consent,moving traffic violation,False,low,57
1788095,2013-04-01_10:20:00,-26.895781,17.322176600000006,25.030963976065376,30.0,tall,male,9d1e57a193,vehicular,moving traffic violation,False,False,True,warning,False,False,False,False,True,False,True,consent,moving traffic violation,False,low,74
205486,2013-10-09_11:01:00,-26.895781,17.322176600000006,31.01669483512851,20.0,tall,male,01aa59bb70,vehicular,moving traffic violation,False,False,True,warning,True,True,False,False,True,True,True,probable cause,moving traffic violation,False,low,83
1337083,2013-02-12_12:10:00,-26.895781,17.322176600000006,32.286539447411826,30.0,medium,male,9d1e57a193,vehicular,moving traffic violation,False,False,True,warning,False,False,False,True,True,True,True,consent,moving traffic violation,False,low,68
2473942,2010-07-01_08:50:00,-26.895781,17.322176600000006,25.640343184850813,43.0,medium,female,9d1e57a193,vehicular,moving traffic violation,False,False,True,warning,False,False,False,False,True,False,True,consent,moving traffic violation,False,low,58
1453781,2012-02-27_15:30:00,-26.895781,17.322176600000006,39.646165832800484,25.0,tall,male,9d1e57a193,vehicular,moving traffic violation,False,False,True,warning,False,False,False,False,True,False,True,probable cause,moving traffic violation,False,low,62
2266030,2013-06-13_15:45:00,-26.895781,17.322176600000006,23.324982399137077,26.0,tall,male,9d1e57a193,vehicular,moving traffic violation,False,False,True,warning,False,False,False,False,True,False,True,consent,moving traffic violation,False,low,68
2387560,2012-06-28_09:02:00,-26.895781,17.322176600000006,31.826622253272166,30.0,short,male,01aa59bb70,vehicular,moving traffic violation,False,False,True,warning,False,False,False,True,True,False,True,consent,moving traffic violation,False,low,59
2865427,2012-08-07_10:00:00,-26.895781,17.322176600000006,30.473709928061677,27.0,medium,male,9d1e57a193,vehicular,,False,False,True,warning,True,True,False,False,True,False,True,consent,,False,low,91
2547830,2010-07-02_10:00:00,-26.895781,17.322176600000006,28.380145734824552,46.0,medium,male,9d1e57a193,vehicular,moving traffic violation,False,False,True,warning,True,True,False,True,True,False,True,probable cause,moving traffic violation,True,low,104
1850713,2012-04-19_10:35:00,-26.895781,17.322176600000006,18.852778511788056,40.0,medium,male,01aa59bb70,vehicular,moving traffic violation,False,False,True,warning,False,False,False,False,True,True,True,consent,moving traffic violation,False,low,63
426232,2013-11-05_14:25:00,-26.895781,17.322176600000006,31.237771637494543,23.0,tall,male,9d1e57a193,vehicular,moving traffic violation,False,False,True,warning,False,False,False,False,True,False,True,consent,moving traffic violation,False,low,67
1322567,2013-02-11_15:52:00,-26.895781,17.322176600000006,28.293290221359722,33.0,tall,male,01aa59bb70,vehicular,seatbelt violation,False,False,True,warning,False,False,False,False,True,True,True,consent,seatbelt violation,False,low,58
2418813,2013-06-04_13:30:00,-26.895781,17.322176600000006,24.78236907940685,30.0,tall,male,9d1e57a193,vehicular,moving traffic violation,False,False,True,warning,False,False,False,False,True,False,True,consent,moving traffic violation,False,low,54
752703,2014-01-28_14:05:00,-26.895781,17.322176600000006,26.768172352918867,42.0,short,male,9d1e57a193,vehicular,vehicle equipment violation,False,False,True,warning,False,False,False,False,True,False,True,consent,vehicle equipment violation,False,low,70
1453624,2012-02-27_14:05:00,-26.895781,17.322176600000006,35.47503091588051,30.0,medium,male,9d1e57a193,vehicular,moving traffic violation,False,False,True,warning,False,False,False,False,True,False,True,consent,moving traffic violation,True,low,58
1409013,2012-02-02_15:16:00,-26.895781,17.322176600000006,29.19903748489264,28.0,medium,male,01aa59bb70,vehicular,vehicle equipment violation,False,False,True,warning,True,True,False,False,True,False,True,consent,vehicle equipment violation,False,low,76
198996,2013-10-08_11:10:00,-26.895781,17.322176600000006,17.382216250769996,31.0,short,male,9d1e57a193,vehicular,moving traffic violation,False,False,True,warning,False,False,False,False,True,False,True,consent,moving traffic violation,False,low,63
843985,2014-01-09_10:33:00,-26.895781,17.322176600000006,28.27720638988694,20.0,medium,male,9d1e57a193,vehicular,moving traffic violation,False,True,True,citation,True,True,False,True,True,True,True,probable cause,moving traffic violation,False,low,92
359745,2012-11-26_13:30:00,-26.895781,17.322176600000006,19.151628925995094,31.0,short,male,9d1e57a193,vehicular,vehicle equipment violation,False,False,True,warning,False,False,False,False,True,True,False,consent,vehicle equipment violation,False,low,66
1991768,2013-04-08_14:45:00,-26.895781,17.322176600000006,25.00600701508592,24.0,short,male,9d1e57a193,vehicular,moving traffic violation,False,False,True,warning,False,False,False,False,True,False,True,consent,moving traffic violation,False,low,54
2556054,2010-07-22_15:25:00,-26.895781,17.322176600000006,21.122308444385627,30.0,short,male,9d1e57a193,vehicular,moving traffic violation,False,False,True,warning,False,False,False,True,True,True,True,consent,moving traffic violation,False,low,61
765148,2013-12-09_15:00:00,-26.895781,17.322176600000006,27.201609479845175,30.0,short,male,9d1e57a193,vehicular,vehicle equipment violation,False,False,True,warning,False,False,False,False,True,False,True,consent,vehicle equipment violation,False,low,58
1897526,2012-04-24_13:00:00,-26.895781,17.322176600000006,21.672517999909182,60.0,tall,male,01aa59bb70,vehicular,moving traffic violation,False,False,True,warning,False,False,False,False,True,False,True,consent,moving traffic violation,False,low,66
49049,2012-10-16_10:54:00,-26.895781,17.322176600000006,34.08393406772018,32.0,medium,male,01aa59bb70,vehicular,moving traffic violation,False,False,True,warning,True,True,False,False,True,True,True,consent,moving traffic violation,False,low,83
2693562,2013-08-12_13:42:00,-26.895781,17.322176600000006,32.391960228193504,23.0,short,male,01aa59bb70,vehicular,moving traffic violation,False,False,True,warning,False,False,False,True,True,True,True,consent,moving traffic violation,False,low,59
164919,2013-10-03_13:30:00,-26.895781,17.322176600000006,23.6375620536638,46.0,short,male,01aa59bb70,vehicular,vehicle equipment violation,False,False,True,warning,False,False,False,True,True,True,True,consent,vehicle equipment violation,False,low,67
1620897,2012-03-21_15:41:00,-26.895781,17.322176600000006,26.825146787216717,26.0,tall,male,01aa59bb70,vehicular,moving traffic violation,False,False,True,warning,False,False,False,False,True,True,True,probable cause,moving traffic violation,False,low,72
2609510,2010-07-30_12:25:00,-26.895781,17.322176600000006,14.806671608369632,23.0,tall,male,01aa59bb70,vehicular,moving traffic violation,False,False,True,warning,False,False,False,False,True,True,False,consent,moving traffic violation,False,low,61
788764,2012-01-03_15:40:00,-26.895781,17.322176600000006,36.16222387282492,30.0,short,male,9d1e57a193,vehicular,moving traffic violation,False,False,True,warning,False,False,False,False,True,False,True,consent,moving traffic violation,False,low,72
1349499,2010-02-14_03:24:00,-26.895781,17.322176600000006,12.976299714275168,21.0,tall,female,6f0e6c9ea2,vehicular,moving traffic violation,False,True,False,citation,False,False,False,True,True,True,True,consent,moving traffic violation,False,low,73
1574534,2012-03-15_14:12:00,-26.895781,17.322176600000006,15.923309667988157,33.0,medium,male,01aa59bb70,vehicular,moving traffic violation,False,False,True,warning,True,True,False,False,True,True,True,probable cause,moving traffic violation,False,low,82
1453156,2012-02-27_10:55:00,-26.895781,17.322176600000006,18.79997764482024,37.0,tall,female,9d1e57a193,vehicular,moving traffic violation,False,False,True,warning,False,False,False,False,True,False,True,consent,moving traffic violation,False,low,74
1952334,2012-04-03_20:52:00,-26.895781,17.322176600000006,36.17368208516452,33.0,medium,female,82f2e31c2b,vehicular,moving traffic violation,False,False,True,warning,False,False,False,False,True,False,True,plain view,moving traffic violation,False,low,55
263119,2013-11-14_15:20:00,-26.895781,17.322176600000006,34.31129235176616,37.0,tall,male,9d1e57a193,vehicular,moving traffic violation,False,False,True,warning,False,False,False,False,True,False,True,consent,moving traffic violation,False,low,65
276026,2012-11-16_12:52:00,-26.895781,17.322176600000006,25.6245588093687,20.0,tall,male,01aa59bb70,vehicular,moving traffic violation,False,False,True,warning,False,False,False,False,True,True,False,consent,moving traffic violation,False,low,66
2840084,2012-08-03_14:47:00,-26.895781,17.322176600000006,20.619951941596142,34.0,medium,male,01aa59bb70,vehicular,moving traffic violation,False,False,True,warning,True,True,False,False,True,True,True,probable cause,moving traffic violation,True,low,88
1873429,2012-04-02_14:05:00,-26.895781,17.322176600000006,18.646475801255598,29.0,medium,male,9d1e57a193,vehicular,moving traffic violation,False,False,True,warning,False,False,False,False,True,False,True,consent,moving traffic violation,False,low,63
1945487,2013-04-30_15:30:00,-26.895781,17.322176600000006,30.925282622950444,30.0,short,male,9d1e57a193,vehicular,moving traffic violation,False,False,True,warning,False,False,False,False,True,False,True,consent,moving traffic violation,False,low,61
2886756,2012-09-10_13:25:00,-26.895781,17.322176600000006,25.55204150924079,19.0,medium,male,9d1e57a193,vehicular,moving traffic violation,False,False,True,warning,False,False,False,True,True,True,True,consent,moving traffic violation,True,low,66
711795,2010-12-06_01:14:00,-26.895781,17.322176600000006,19.250025265607796,23.0,tall,male,82f2e31c2b,vehicular,vehicle equipment violation,False,False,True,warning,False,False,False,False,True,False,True,plain view,vehicle equipment violation,False,low,59
2476285,2013-07-01_14:30:00,-26.895781,17.322176600000006,39.94287222072085,25.0,tall,male,9d1e57a193,vehicular,moving traffic violation,False,False,True,warning,False,False,False,True,True,True,True,consent,moving traffic violation,False,low,53
2488368,2010-07-13_15:15:00,-26.895781,17.322176600000006,33.61528659006953,35.0,short,male,9d1e57a193,vehicular,vehicle equipment violation,False,False,True,warning,False,False,False,True,True,False,True,consent,vehicle equipment violation,False,low,62
2508376,2010-07-16_12:00:00,-26.895781,17.322176600000006,26.151264710761513,37.0,medium,male,9d1e57a193,vehicular,moving traffic violation,False,False,True,warning,False,False,False,False,True,False,True,consent,moving traffic violation,False,low,64
1788223,2013-04-01_11:15:00,-26.895781,17.322176600000006,25.745093130168367,18.0,medium,male,9d1e57a193,vehicular,moving traffic violation,False,False,True,warning,True,True,False,False,True,True,True,consent,moving traffic violation,False,low,73
2658081,2013-07-08_14:35:00,-26.895781,17.322176600000006,21.80809107706156,30.0,short,male,9d1e57a193,vehicular,moving traffic violation,False,False,True,warning,False,False,False,True,True,True,True,consent,moving traffic violation,False,low,59
2196937,2014-05-05_11:00:00,-26.895781,17.322176600000006,18.002587244643767,65.0,tall,male,9d1e57a193,vehicular,moving traffic violation,False,False,True,warning,False,False,False,False,True,False,True,consent,moving traffic violation,False,low,66
2577549,2012-07-25_10:45:00,-26.895781,17.322176600000006,46.726125797837106,40.0,medium,female,01aa59bb70,vehicular,moving traffic violation,False,True,False,citation,True,True,True,False,True,True,True,probable cause,moving traffic violation,False,low,82
1844017,2013-04-18_11:30:00,-26.895781,17.322176600000006,34.39468614297212,,short,male,9d1e57a193,vehicular,moving traffic violation,False,False,True,warning,False,False,False,True,True,True,True,consent,moving traffic violation,False,low,57
3021790,2013-09-27_09:50:00,-26.895781,17.322176600000006,22.412697540933408,57.0,tall,male,9d1e57a193,vehicular,moving traffic violation,False,False,True,warning,False,False,False,False,True,False,True,consent,moving traffic violation,False,low,63
1552515,2013-03-12_15:15:00,-26.895781,17.322176600000006,14.996397847295878,42.0,short,male,9d1e57a193,vehicular,moving traffic violation,False,False,True,warning,False,False,False,False,True,False,True,consent,moving traffic violation,False,low,62
1668190,2012-03-26_10:13:00,-26.895781,17.322176600000006,17.49294602101165,31.0,tall,female,01aa59bb70,vehicular,moving traffic violation,False,False,True,warning,False,False,False,False,True,True,True,probable cause,moving traffic violation,False,low,70
410348,2013-11-04_14:35:00,-26.895781,17.322176600000006,28.771122893198346,41.0,short,male,9d1e57a193,vehicular,moving traffic violation,False,False,True,warning,False,False,False,False,True,False,True,consent,moving traffic violation,True,low,64
306599,2012-11-20_10:45:00,-26.895781,17.322176600000006,46.01505394611812,24.0,medium,male,01aa59bb70,vehicular,moving traffic violation,False,False,True,warning,False,False,False,False,True,True,True,probable cause,moving traffic violation,False,low,71
1763234,2012-03-09_10:00:00,-26.895781,17.322176600000006,24.135929716213397,30.0,medium,male,9d1e57a193,vehicular,moving traffic violation,False,False,True,warning,False,False,False,True,True,True,True,probable cause,moving traffic violation,False,low,53
1565780,2012-03-14_11:10:00,-26.895781,17.322176600000006,28.259573113220718,54.0,short,male,9d1e57a193,vehicular,moving traffic violation,False,False,True,warning,False,False,False,False,True,False,True,consent,moving traffic violation,False,low,66
815725,2012-01-06_10:43:00,-26.895781,17.322176600000006,21.911967613303705,21.0,tall,male,01aa59bb70,vehicular,moving traffic violation,False,False,True,warning,False,False,False,False,True,True,True,consent,moving traffic violation,False,low,59
1943853,2012-04-30_14:05:00,-26.895781,17.322176600000006,23.692847892357154,64.0,medium,male,01aa59bb70,vehicular,moving traffic violation,False,False,True,warning,True,True,False,False,True,False,True,probable cause,moving traffic violation,False,low,94
797133,2012-01-04_13:04:00,-26.895781,17.322176600000006,23.580957611039135,22.0,tall,male,01aa59bb70,vehicular,moving traffic violation,False,False,True,warning,False,False,False,False,True,True,True,consent,moving traffic violation,False,low,69
1966885,2012-04-05_10:50:00,-26.895781,17.322176600000006,39.40192520351541,54.0,short,male,9d1e57a193,vehicular,moving traffic violation,False,False,True,warning,False,False,False,False,True,False,True,consent,moving traffic violation,False,low,65
1358457,2012-02-15_10:36:00,-26.895781,17.322176600000006,27.708391416538053,30.0,medium,male,01aa59bb70,vehicular,moving traffic violation,False,False,True,warning,False,False,False,False,True,True,True,consent,moving traffic violation,False,low,71
511961,2012-12-11_14:28:00,-26.895781,17.322176600000006,23.431269162687194,30.0,tall,male,9d1e57a193,vehicular,moving traffic violation,False,False,True,warning,True,True,False,True,True,True,True,probable cause,moving traffic violation,False,low,87
2951079,2013-09-18_10:15:00,-26.895781,17.322176600000006,37.12474395083978,44.0,tall,male,01aa59bb70,vehicular,moving traffic violation,False,False,True,warning,False,False,False,False,True,True,True,consent,moving traffic violation,False,low,55
2318758,2013-06-20_11:30:00,-26.895781,17.322176600000006,37.47319604000036,46.0,tall,male,9d1e57a193,vehicular,moving traffic violation,False,False,True,warning,False,False,False,False,True,False,True,consent,moving traffic violation,False,low,68
1644601,2012-03-23_10:28:00,-26.895781,17.322176600000006,25.55157610399684,26.0,tall,male,01aa59bb70,vehicular,moving traffic violation,False,False,True,warning,False,False,False,False,True,False,True,consent,moving traffic violation,False,low,61
2893202,2012-09-11_11:10:00,-26.895781,17.322176600000006,23.07229408994824,39.0,medium,male,9d1e57a193,vehicular,moving traffic violation,False,False,True,warning,False,False,False,True,True,True,True,probable cause,moving traffic violation,False,low,60
2859101,2012-08-06_10:05:00,-26.895781,17.322176600000006,28.600949402958065,37.0,short,male,9d1e57a193,vehicular,vehicle equipment violation,False,False,True,warning,False,False,False,True,True,True,True,consent,vehicle equipment violation,False,low,69
750045,2013-01-28_13:15:00,-26.895781,17.322176600000006,21.758123914987532,30.0,tall,male,9d1e57a193,vehicular,moving traffic violation,False,False,True,warning,False,False,False,False,True,False,True,consent,moving traffic violation,False,low,58
1401228,2012-02-21_10:40:00,-26.895781,17.322176600000006,28.63122860582159,22.0,tall,male,01aa59bb70,vehicular,moving traffic violation,False,False,True,warning,False,False,False,False,True,True,True,consent,moving traffic violation,False,low,68
1676830,2012-03-27_15:45:00,-26.895781,17.322176600000006,34.560834796373754,46.0,short,male,9d1e57a193,vehicular,moving traffic violation,False,False,True,warning,False,False,False,False,True,False,True,consent,moving traffic violation,False,low,62
2677269,2010-08-11_13:55:00,-26.895781,17.322176600000006,16.326909398458145,40.0,short,male,01aa59bb70,vehicular,moving traffic violation,False,False,True,warning,True,True,False,False,True,True,True,consent,moving traffic violation,False,low,70
2908802,2013-09-12_11:00:00,-26.895781,17.322176600000006,26.692184247663622,33.0,short,female,9d1e57a193,vehicular,vehicle equipment violation,False,False,True,warning,False,False,False,False,True,False,True,consent,vehicle equipment violation,False,low,63
327324,2012-01-12_09:41:00,-26.895781,17.322176600000006,24.269805729018803,24.0,tall,male,01aa59bb70,vehicular,moving traffic violation,False,False,True,warning,False,False,False,False,True,True,True,consent,moving traffic violation,False,low,67
183422,2011-10-06_02:37:00,-26.895781,17.322176600000006,30.559507371321573,26.0,medium,male,6f0e6c9ea2,vehicular,moving traffic violation,False,True,False,citation,False,False,False,True,True,False,False,consent,moving traffic violation,False,low,73
3005577,2012-09-25_16:30:00,-26.895781,17.322176600000006,24.060552443706666,26.0,tall,female,01aa59bb70,vehicular,moving traffic violation,False,False,True,warning,True,True,False,False,True,False,True,probable cause,moving traffic violation,False,low,89
117970,2013-10-25_12:45:00,-26.895781,17.322176600000006,26.523984391450583,24.0,medium,male,9d1e57a193,vehicular,moving traffic violation,False,False,True,warning,False,False,False,True,True,True,True,probable cause,moving traffic violation,False,low,62
16221,2013-10-01_13:10:00,-26.895781,17.322176600000006,33.599748582216904,57.0,short,male,9d1e57a193,vehicular,moving traffic violation,False,False,True,warning,False,False,False,False,True,False,True,consent,moving traffic violation,False,low,67
163564,2012-10-03_13:40:00,-26.895781,17.322176600000006,29.14602295935384,56.0,tall,male,01aa59bb70,vehicular,moving traffic violation,False,False,True,warning,False,False,False,False,True,False,True,consent,moving traffic violation,False,low,56
149971,2012-10-30_11:00:00,-26.895781,17.322176600000006,24.987194127136895,35.0,medium,male,01aa59bb70,vehicular,moving traffic violation,False,False,True,warning,False,False,False,False,True,False,True,consent,moving traffic violation,False,low,60
3059145,2012-09-05_11:00:00,-26.895781,17.322176600000006,26.695997886406577,45.0,medium,male,9d1e57a193,vehicular,moving traffic violation,False,False,True,warning,False,False,False,False,True,False,True,probable cause,moving traffic violation,False,low,65
1726169,2013-03-04_09:33:00,-26.895781,17.322176600000006,17.43815584665527,26.0,tall,female,9d1e57a193,vehicular,moving traffic violation,False,False,True,warning,False,False,False,False,True,False,True,consent,moving traffic violation,False,low,60
1858256,2012-04-20_14:20:00,-26.895781,17.322176600000006,31.854516862449767,29.0,tall,male,01aa59bb70,vehicular,moving traffic violation,False,False,True,warning,False,False,False,False,True,True,True,consent,moving traffic violation,False,low,63
1606633,2012-03-19_09:51:00,-26.895781,17.322176600000006,26.81118736921785,27.0,medium,male,01aa59bb70,vehicular,moving traffic violation,False,False,True,warning,False,False,False,False,True,True,True,probable cause,moving traffic violation,False,low,74
3073907,2012-09-07_14:00:00,-26.895781,17.322176600000006,19.779171844559336,22.0,tall,female,01aa59bb70,vehicular,moving traffic violation,True,False,False,arrest,True,True,False,False,True,True,True,probable cause,moving traffic violation,False,low,81
2609676,2010-07-30_14:47:00,-26.895781,17.322176600000006,34.00703086220129,24.0,tall,female,01aa59bb70,vehicular,moving traffic violation,False,False,True,warning,False,False,False,False,True,False,True,consent,moving traffic violation,False,low,67
2095748,2013-05-21_10:00:00,-26.895781,17.322176600000006,36.32478955867112,40.0,medium,male,9d1e57a193,vehicular,moving traffic violation,False,False,True,warning,False,False,False,False,True,False,True,consent,moving traffic violation,False,low,65
3067673,2012-09-06_09:50:00,-26.895781,17.322176600000006,33.64702538845266,45.0,medium,male,9d1e57a193,vehicular,moving traffic violation,False,False,True,warning,False,False,False,False,True,False,True,consent,moving traffic violation,False,low,69
1496088,2012-02-06_15:14:00,-26.895781,17.322176600000006,21.6147735641686,22.0,medium,male,01aa59bb70,vehicular,moving traffic violation,False,True,False,citation,True,True,False,False,True,False,True,consent,moving traffic violation,False,low,72
2036059,2013-05-13_10:20:00,-26.895781,17.322176600000006,18.09062782425226,19.0,medium,male,9d1e57a193,vehicular,vehicle equipment violation,False,True,False,citation,True,True,False,True,True,True,True,probable cause,vehicle equipment violation,False,low,78
1621701,2012-03-21_09:45:00,-26.895781,17.322176600000006,32.494173852460484,40.0,short,male,9d1e57a193,vehicular,moving traffic violation,False,False,True,warning,False,False,False,False,True,False,True,consent,moving traffic violation,False,low,60
2392010,2010-06-29_14:00:00,-26.895781,17.322176600000006,26.923833793340737,31.0,short,male,9d1e57a193,vehicular,moving traffic violation,False,False,True,warning,False,False,False,True,True,True,True,consent,moving traffic violation,False,low,68
3018890,2012-09-27_13:00:00,-26.895781,17.322176600000006,27.985158365866553,61.0,tall,male,01aa59bb70,vehicular,moving traffic violation,False,False,True,warning,True,True,False,False,True,True,True,consent,moving traffic violation,False,low,95
226945,2013-11-11_11:00:00,-26.895781,17.322176600000006,27.654359063637074,41.0,medium,male,9d1e57a193,vehicular,moving traffic violation,True,False,True,arrest,True,True,False,True,True,True,True,consent,moving traffic violation,False,low,89
2484868,2013-07-12_14:10:00,-26.895781,17.322176600000006,27.48088948513913,52.0,medium,male,9d1e57a193,vehicular,moving traffic violation,False,False,True,warning,False,False,False,False,True,False,True,consent,moving traffic violation,False,low,75
2050619,2012-05-15_09:50:00,-26.895781,17.322176600000006,34.25973171446277,34.0,medium,male,9d1e57a193,vehicular,moving traffic violation,False,False,True,warning,False,False,False,True,True,True,True,probable cause,moving traffic violation,False,low,71
239499,2013-11-01_15:14:00,-26.895781,17.322176600000006,22.74945833944798,60.0,medium,male,01aa59bb70,vehicular,moving traffic violation,False,False,True,warning,False,False,False,False,True,False,True,consent,moving traffic violation,False,low,59
2547953,2010-07-02_13:05:00,-26.895781,17.322176600000006,32.349709132874985,35.0,tall,male,9d1e57a193,vehicular,moving traffic violation,False,False,True,warning,False,False,False,True,True,False,True,consent,moving traffic violation,False,low,59
2669435,2010-08-10_13:05:00,-26.895781,17.322176600000006,31.18291708113416,39.0,short,male,9d1e57a193,vehicular,vehicle equipment violation,False,False,True,warning,False,False,False,False,True,False,True,consent,vehicle equipment violation,False,low,59
2606023,2013-07-29_09:30:00,-26.895781,17.322176600000006,28.38610897445022,35.0,short,male,9d1e57a193,vehicular,vehicle equipment violation,False,False,True,warning,False,False,False,False,True,False,True,consent,vehicle equipment violation,False,low,60
1503621,2012-02-07_10:44:00,-26.895781,17.322176600000006,43.87884730101263,41.0,short,male,01aa59bb70,vehicular,moving traffic violation,False,False,True,warning,False,False,False,True,True,True,True,consent,moving traffic violation,False,low,63
469203,2012-01-18_15:53:00,-26.895781,17.322176600000006,20.069982728828602,32.0,tall,male,01aa59bb70,vehicular,moving traffic violation,True,False,False,arrest,True,False,False,False,True,True,True,consent,moving traffic violation,False,low,57
1558547,2012-03-13_13:40:00,-26.895781,17.322176600000006,33.91149405441651,40.0,medium,male,9d1e57a193,vehicular,moving traffic violation,False,False,True,warning,False,False,False,False,True,False,True,consent,moving traffic violation,False,low,61
1621600,2012-03-21_09:04:00,-26.895781,17.322176600000006,14.24412452911906,46.0,tall,male,9d1e57a193,vehicular,moving traffic violation,False,False,True,warning,False,False,False,False,True,False,True,consent,moving traffic violation,False,low,60
2865932,2012-08-07_14:45:00,-26.895781,17.322176600000006,16.371837618623424,26.0,medium,male,9d1e57a193,vehicular,moving traffic violation,False,False,True,warning,False,False,False,True,True,True,True,plain view,moving traffic violation,False,low,65
1891902,2013-04-23_16:00:00,-26.895781,17.322176600000006,19.502637123696978,55.0,short,male,9d1e57a193,vehicular,moving traffic violation,False,False,True,warning,False,False,False,False,True,False,True,consent,moving traffic violation,False,low,66
2387750,2013-06-28_10:25:00,-26.895781,17.322176600000006,12.479943069946723,41.0,medium,male,01aa59bb70,vehicular,moving traffic violation,False,False,True,warning,False,False,False,False,True,True,True,consent,moving traffic violation,False,low,54
1519399,2012-02-09_13:17:00,-26.895781,17.322176600000006,27.44281530945274,22.0,short,male,01aa59bb70,vehicular,moving traffic violation,False,False,True,warning,False,False,False,True,True,True,True,consent,moving traffic violation,True,low,62
1774325,2014-04-10_15:20:00,-26.895781,17.322176600000006,20.599398412735745,25.0,tall,male,9d1e57a193,vehicular,vehicle equipment violation,False,False,True,warning,False,False,False,False,True,False,True,consent,vehicle equipment violation,False,low,66
731556,2012-12-07_10:40:00,-26.895781,17.322176600000006,25.394125565243634,51.0,tall,male,9d1e57a193,vehicular,moving traffic violation,False,False,True,warning,False,False,False,False,True,False,True,consent,moving traffic violation,False,low,68
844423,2014-01-09_13:50:00,-26.895781,17.322176600000006,23.746023574166614,27.0,medium,male,9d1e57a193,vehicular,vehicle equipment violation,False,True,True,citation,True,True,False,True,True,True,True,probable cause,vehicle equipment violation,False,low,104
2518507,2013-07-17_09:50:00,-26.895781,17.322176600000006,31.127136425366796,30.0,medium,male,9d1e57a193,vehicular,moving traffic violation,False,False,True,warning,False,False,False,True,True,True,True,probable cause,moving traffic violation,False,low,61
2522984,2012-07-18_11:10:00,-26.895781,17.322176600000006,21.013428992735367,34.0,short,male,9d1e57a193,vehicular,moving traffic violation,False,False,True,warning,False,False,False,False,True,False,True,consent,moving traffic violation,False,low,70
236963,2012-01-11_15:15:00,-26.895781,17.322176600000006,58.72961625880081,25.0,medium,male,01aa59bb70,vehicular,moving traffic violation,False,False,True,warning,False,False,False,False,True,True,False,probable cause,moving traffic violation,False,low,63
2700763,2013-08-13_13:50:00,-26.895781,17.322176600000006,28.87200348810632,23.0,medium,male,9d1e57a193,vehicular,moving traffic violation,False,False,True,warning,False,False,False,False,True,False,True,consent,moving traffic violation,False,low,75
116471,2012-10-25_11:30:00,-26.895781,17.322176600000006,37.54809826759827,30.0,short,male,9d1e57a193,vehicular,moving traffic violation,False,False,True,warning,False,False,False,True,True,True,True,consent,moving traffic violation,False,low,64
306969,2012-11-20_14:19:00,-26.895781,17.322176600000006,26.5317842832941,26.0,short,male,01aa59bb70,vehicular,moving traffic violation,False,False,True,warning,True,True,False,False,True,True,True,probable cause,moving traffic violation,True,low,87
199316,2013-10-08_15:00:00,-26.895781,17.322176600000006,33.47504267788766,30.0,short,male,9d1e57a193,vehicular,vehicle equipment violation,False,False,True,warning,False,False,False,False,True,False,True,consent,vehicle equipment violation,False,low,70
2850967,2010-08-05_14:21:00,-26.895781,17.322176600000006,25.803100552383707,35.0,tall,female,01aa59bb70,vehicular,moving traffic violation,False,False,True,warning,False,False,False,False,True,False,True,consent,moving traffic violation,False,low,67
2494966,2010-07-14_10:41:00,-26.895781,17.322176600000006,31.56427091592371,40.0,short,male,01aa59bb70,vehicular,vehicle equipment violation,False,False,True,warning,False,False,False,False,True,False,True,consent,vehicle equipment violation,False,low,66
1788666,2013-04-01_14:30:00,-26.895781,17.322176600000006,23.552938329038078,41.0,tall,male,9d1e57a193,vehicular,moving traffic violation,False,False,True,warning,True,True,False,True,True,True,True,consent,moving traffic violation,False,low,76
2714106,2013-08-15_10:23:00,-26.895781,17.322176600000006,36.770081656123956,21.0,tall,male,01aa59bb70,vehicular,moving traffic violation,False,False,True,warning,True,True,False,False,True,True,True,probable cause,moving traffic violation,False,low,99
1628996,2012-03-02_10:51:00,-26.895781,17.322176600000006,24.7297067679917,28.0,short,male,01aa59bb70,vehicular,moving traffic violation,False,False,True,warning,False,False,False,True,True,False,True,consent,moving traffic violation,False,low,65
2501346,2010-07-15_11:45:00,-26.895781,17.322176600000006,23.35873803629168,37.0,medium,male,9d1e57a193,vehicular,moving traffic violation,False,False,True,warning,False,False,False,False,True,False,True,consent,moving traffic violation,False,low,61
1891167,2013-04-23_10:50:00,-26.895781,17.322176600000006,42.65454046986491,53.0,tall,male,9d1e57a193,vehicular,moving traffic violation,False,False,True,warning,False,False,False,False,True,False,True,consent,moving traffic violation,False,low,65
1374142,2012-02-17_12:23:00,-26.895781,17.322176600000006,32.616350571990395,29.0,medium,male,01aa59bb70,vehicular,moving traffic violation,False,False,True,warning,False,False,False,False,True,True,True,probable cause,moving traffic violation,False,low,65
2309303,2012-06-19_11:00:00,-26.895781,17.322176600000006,28.709894056812182,25.0,medium,male,9d1e57a193,vehicular,moving traffic violation,False,False,True,warning,False,False,False,False,True,False,True,probable cause,moving traffic violation,False,low,70
3040177,2013-09-30_12:50:00,-26.895781,17.322176600000006,31.129661178247197,35.0,medium,male,9d1e57a193,vehicular,vehicle equipment violation,False,False,True,warning,False,False,False,False,True,False,True,consent,vehicle equipment violation,False,low,69
2670450,2010-08-10_09:40:00,-26.895781,17.322176600000006,37.94404359330153,53.0,medium,male,9d1e57a193,vehicular,seatbelt violation,False,False,True,warning,False,False,False,False,True,False,True,consent,seatbelt violation,False,low,59
1844295,2013-04-18_13:58:00,-26.895781,17.322176600000006,41.32491387585022,28.0,medium,male,01aa59bb70,vehicular,moving traffic violation,False,False,True,warning,False,False,False,True,True,True,True,consent,moving traffic violation,False,low,64
2714474,2013-08-15_13:50:00,-26.895781,17.322176600000006,30.02853089628813,30.0,short,male,9d1e57a193,vehicular,moving traffic violation,False,False,True,warning,False,False,False,False,True,False,True,consent,moving traffic violation,False,low,59
2072501,2012-05-18_14:15:00,-26.895781,17.322176600000006,35.8899211657956,37.0,medium,male,9d1e57a193,vehicular,moving traffic violation,False,False,True,warning,False,False,False,True,True,True,True,consent,moving traffic violation,False,low,65
2602809,2010-07-29_12:40:00,-26.895781,17.322176600000006,25.35661542448717,31.0,short,male,9d1e57a193,vehicular,moving traffic violation,False,False,True,warning,False,False,False,True,True,True,True,consent,moving traffic violation,False,low,56
375932,2012-11-29_13:40:00,-26.895781,17.322176600000006,29.141222554978025,55.0,tall,male,9d1e57a193,vehicular,moving traffic violation,False,False,True,warning,False,False,False,False,True,True,True,consent,moving traffic violation,False,low,57
1725502,2013-03-04_14:30:00,-26.895781,17.322176600000006,43.15284550664628,37.0,medium,male,9d1e57a193,vehicular,moving traffic violation,False,False,True,warning,False,False,False,False,True,False,True,consent,moving traffic violation,False,low,58
1819821,2013-04-15_10:00:00,-26.895781,17.322176600000006,25.885234549212853,52.0,short,male,9d1e57a193,vehicular,moving traffic violation,False,False,True,warning,False,False,False,False,True,False,True,consent,moving traffic violation,False,low,58
1907750,2013-04-25_13:15:00,-26.895781,17.322176600000006,26.23411941827456,28.0,medium,male,9d1e57a193,vehicular,moving traffic violation,False,False,True,warning,False,False,False,False,True,False,True,consent,moving traffic violation,False,low,68
410106,2013-11-04_13:25:00,-26.895781,17.322176600000006,26.69816098801434,32.0,tall,male,9d1e57a193,vehicular,moving traffic violation,False,False,True,warning,False,False,False,False,True,False,True,consent,moving traffic violation,False,low,63
192485,2013-10-07_08:48:00,-26.895781,17.322176600000006,26.88929488909074,33.0,medium,male,01aa59bb70,vehicular,moving traffic violation,False,False,True,warning,False,False,False,True,True,False,True,consent,moving traffic violation,False,low,57
2388334,2013-06-28_15:15:00,-26.895781,17.322176600000006,23.60552654175219,34.0,tall,male,9d1e57a193,vehicular,moving traffic violation,False,False,True,warning,False,False,False,False,True,False,True,consent,moving traffic violation,False,low,62
1645866,2012-03-23_08:34:00,-26.895781,17.322176600000006,22.226979898045315,29.0,tall,male,01aa59bb70,vehicular,moving traffic violation,False,False,True,warning,False,False,False,False,True,True,True,consent,moving traffic violation,False,low,78
1367187,2012-02-16_14:13:00,-26.895781,17.322176600000006,32.194838072681364,45.0,tall,male,01aa59bb70,vehicular,moving traffic violation,False,False,True,warning,False,False,False,False,True,True,True,consent,moving traffic violation,False,low,62
1621848,2013-03-21_10:40:00,-26.895781,17.322176600000006,29.655994214891876,55.0,short,male,9d1e57a193,vehicular,moving traffic violation,False,False,True,warning,False,False,False,False,True,False,True,consent,moving traffic violation,False,low,66
109193,2012-10-24_15:14:00,-26.895781,17.322176600000006,24.78264687860861,55.0,medium,male,01aa59bb70,vehicular,moving traffic violation,False,False,True,warning,True,True,False,False,True,True,True,probable cause,moving traffic violation,False,low,73
2036567,2013-05-13_14:15:00,-26.895781,17.322176600000006,34.162620351548725,40.0,short,male,9d1e57a193,vehicular,moving traffic violation,False,False,True,warning,False,False,False,False,True,False,True,consent,moving traffic violation,False,low,64
2042333,2012-05-14_13:10:00,-26.895781,17.322176600000006,39.280359941676636,24.0,short,male,9d1e57a193,vehicular,moving traffic violation,False,False,True,warning,False,False,False,False,True,False,True,consent,moving traffic violation,False,low,62
2894431,2013-09-11_10:00:00,-26.895781,17.322176600000006,49.5793338511574,25.0,medium,male,9d1e57a193,vehicular,moving traffic violation,True,False,True,arrest,True,False,False,True,True,True,True,probable cause,moving traffic violation,False,low,58
1622457,2013-03-21_15:30:00,-26.895781,17.322176600000006,41.730492125339815,30.0,medium,male,9d1e57a193,vehicular,moving traffic violation,False,False,True,warning,False,False,False,False,True,False,True,consent,moving traffic violation,True,low,57
428870,2014-01-15_14:15:00,-26.895781,17.322176600000006,33.84855351396825,65.0,tall,male,9d1e57a193,vehicular,moving traffic violation,False,False,True,warning,False,False,False,False,True,False,True,consent,moving traffic violation,False,low,66
2768489,2012-08-22_11:00:00,-26.895781,17.322176600000006,40.224161862508645,32.0,medium,male,01aa59bb70,vehicular,moving traffic violation,False,False,True,warning,False,False,False,False,True,True,True,probable cause,moving traffic violation,False,low,58
2610165,2010-07-30_09:29:00,-26.895781,17.322176600000006,30.613494117335783,33.0,short,female,01aa59bb70,vehicular,moving traffic violation,False,False,True,warning,False,False,False,False,True,False,True,consent,moving traffic violation,False,low,61
2530259,2012-07-19_10:38:00,-26.895781,17.322176600000006,30.45899916074461,41.0,medium,female,01aa59bb70,vehicular,moving traffic violation,False,False,True,warning,False,False,False,False,True,False,True,consent,moving traffic violation,False,low,66
4512,2013-10-10_09:55:00,-26.895781,17.322176600000006,32.24337412026629,60.0,tall,male,9d1e57a193,vehicular,moving traffic violation,False,False,True,warning,False,False,False,False,True,False,True,consent,moving traffic violation,False,low,58
2720439,2012-08-16_13:59:00,-26.895781,17.322176600000006,29.023147908238872,55.0,tall,male,01aa59bb70,vehicular,moving traffic violation,False,False,True,warning,False,False,False,False,True,False,True,consent,moving traffic violation,False,low,62
750348,2013-01-28_13:55:00,-26.895781,17.322176600000006,32.48477895505662,27.0,tall,male,9d1e57a193,vehicular,moving traffic violation,False,False,True,warning,False,False,False,False,True,False,True,consent,moving traffic violation,False,low,66
1474727,2014-02-03_11:20:00,-26.895781,17.322176600000006,44.50832162675492,26.0,tall,male,9d1e57a193,vehicular,moving traffic violation,False,False,True,warning,False,False,False,True,True,True,True,consent,moving traffic violation,False,low,65
410127,2013-11-04_12:55:00,-26.895781,17.322176600000006,14.27230831999097,29.0,medium,male,9d1e57a193,vehicular,moving traffic violation,False,False,True,warning,False,False,False,True,True,True,True,probable cause,moving traffic violation,False,low,59
2921529,2012-09-14_11:00:00,-26.895781,17.322176600000006,19.993969731379213,33.0,tall,female,9d1e57a193,vehicular,moving traffic violation,False,False,True,warning,True,True,False,False,True,False,True,probable cause,moving traffic violation,False,low,82
163715,2012-10-03_15:10:00,-26.895781,17.322176600000006,16.762874287910076,45.0,medium,male,9d1e57a193,vehicular,moving traffic violation,False,False,True,warning,False,False,False,False,True,False,True,consent,moving traffic violation,False,low,54
1374305,2012-02-17_13:43:00,-26.895781,17.322176600000006,29.770003950528917,22.0,short,male,01aa59bb70,vehicular,moving traffic violation,False,False,True,warning,False,False,False,False,True,True,True,consent,moving traffic violation,False,low,55
96814,2013-10-22_13:05:00,-26.895781,17.322176600000006,28.613860810772355,27.0,tall,male,9d1e57a193,vehicular,vehicle equipment violation,False,False,True,warning,True,True,False,True,True,True,True,probable cause,vehicle equipment violation,False,low,88
359805,2012-11-26_14:25:00,-26.895781,17.322176600000006,19.730368543792064,32.0,tall,male,01aa59bb70,vehicular,moving traffic violation,False,False,True,warning,False,False,False,False,True,False,True,consent,moving traffic violation,False,low,60
790478,2013-01-03_14:36:00,-26.895781,17.322176600000006,23.165329158743035,56.0,short,female,01aa59bb70,vehicular,moving traffic violation,False,False,True,warning,False,False,False,False,True,False,True,consent,moving traffic violation,False,low,69
2066988,2013-05-17_09:58:00,-26.895781,17.322176600000006,18.4810437328105,22.0,medium,male,01aa59bb70,vehicular,moving traffic violation,False,False,True,warning,True,True,False,False,True,True,True,consent,moving traffic violation,False,low,96
2387689,2013-06-28_13:00:00,-26.895781,17.322176600000006,22.337887195238025,35.0,short,male,9d1e57a193,vehicular,moving traffic violation,False,False,True,warning,False,False,False,False,True,False,True,consent,moving traffic violation,False,low,63
841095,2012-01-09_10:13:00,-26.895781,17.322176600000006,33.336759524243526,31.0,medium,male,01aa59bb70,vehicular,moving traffic violation,False,False,True,warning,False,False,False,False,True,True,True,consent,moving traffic violation,False,low,58
2295403,2013-06-17_10:55:00,-26.895781,17.322176600000006,27.01359206366025,27.0,tall,male,9d1e57a193,vehicular,moving traffic violation,False,False,True,warning,False,False,False,False,True,False,True,consent,moving traffic violation,False,low,62
1908030,2013-04-25_14:05:00,-26.895781,17.322176600000006,25.12926244591604,56.0,tall,male,01aa59bb70,vehicular,moving traffic violation,False,False,True,warning,False,False,False,False,True,False,True,consent,moving traffic violation,False,low,64
2501477,2010-07-15_13:30:00,-26.895781,17.322176600000006,20.528493309033724,21.0,medium,female,9d1e57a193,vehicular,moving traffic violation,False,False,True,warning,True,True,False,False,True,False,True,probable cause,moving traffic violation,False,low,83
2547977,2010-07-02_11:07:00,-26.895781,17.322176600000006,26.180719681178893,61.0,short,male,01aa59bb70,vehicular,moving traffic violation,False,False,True,warning,False,False,False,False,True,True,True,consent,moving traffic violation,False,low,54
1967078,2012-04-05_13:20:00,-26.613766,31.221045599999982,37.700093494257665,36.0,short,female,9d1e57a193,vehicular,seatbelt violation,False,False,True,warning,False,False,False,False,True,False,True,probable cause,seatbelt violation,False,low,69
671928,2012-01-23_10:30:00,-26.613766,31.221045599999982,16.683308768043254,24.0,medium,male,9d1e57a193,vehicular,moving traffic violation,False,True,True,citation,True,True,False,True,True,True,True,consent,moving traffic violation,False,low,94
2508453,2010-07-16_14:00:00,-26.613766,31.221045599999982,13.37220069679713,27.0,short,male,9d1e57a193,vehicular,vehicle equipment violation,False,False,True,warning,False,False,False,True,True,True,True,consent,vehicle equipment violation,False,low,68
2399194,2010-06-30_12:33:00,-26.613766,31.221045599999982,28.591609155317393,27.0,tall,male,01aa59bb70,vehicular,moving traffic violation,False,False,True,warning,False,False,False,False,True,True,True,consent,moving traffic violation,False,low,61
2817794,2012-08-29_11:30:00,-26.613766,31.221045599999982,26.784623762766635,43.0,tall,male,9d1e57a193,vehicular,moving traffic violation,False,False,True,warning,True,True,True,True,True,False,True,plain view,moving traffic violation,False,low,151
2586214,2013-07-26_10:15:00,-26.613766,31.221045599999982,24.042221595218514,20.0,tall,male,9d1e57a193,vehicular,moving traffic violation,False,False,True,warning,False,False,False,False,True,False,True,consent,moving traffic violation,True,low,61
2754933,2012-08-21_14:15:00,-26.613766,31.221045599999982,37.50909383139881,33.0,short,female,01aa59bb70,vehicular,moving traffic violation,False,False,True,warning,False,False,False,False,True,True,True,consent,moving traffic violation,False,low,70
1343688,2012-02-13_14:46:00,-26.613766,31.221045599999982,35.26315786190262,26.0,tall,male,01aa59bb70,vehicular,moving traffic violation,False,False,True,warning,False,False,False,False,True,False,True,consent,moving traffic violation,False,low,65
2227353,2013-05-09_15:04:00,-26.613766,31.221045599999982,17.07836375173763,40.0,medium,male,01aa59bb70,vehicular,moving traffic violation,True,False,False,arrest,True,True,False,False,True,True,True,consent,moving traffic violation,False,low,97
2203586,2013-05-06_13:05:00,-26.613766,31.221045599999982,27.372972235396418,46.0,short,male,01aa59bb70,vehicular,moving traffic violation,False,False,True,warning,False,False,False,False,True,True,True,consent,moving traffic violation,False,low,63
248037,2012-11-12_13:26:00,-26.613766,31.221045599999982,38.57390903606808,29.0,medium,male,01aa59bb70,vehicular,moving traffic violation,False,False,True,warning,False,False,False,False,True,True,True,probable cause,moving traffic violation,False,low,54
512065,2012-12-11_15:20:00,-26.3553778,31.4590266,20.649679056931486,30.0,medium,male,9d1e57a193,vehicular,moving traffic violation,False,False,True,warning,False,False,False,False,True,False,True,probable cause,moving traffic violation,False,low,53
3060335,2012-09-05_09:55:00,-26.613766,31.221045599999982,27.927879470682,27.0,medium,male,9d1e57a193,vehicular,moving traffic violation,False,False,True,warning,False,False,False,False,True,False,True,consent,moving traffic violation,False,low,73
2504522,2013-07-15_15:10:00,-26.613766,31.221045599999982,23.488456407466895,28.0,tall,male,9d1e57a193,vehicular,moving traffic violation,False,False,True,warning,False,False,False,False,True,False,True,consent,moving traffic violation,False,low,61
2665470,2013-07-09_12:37:00,-26.613766,31.221045599999982,27.23782983780136,31.0,medium,male,01aa59bb70,vehicular,moving traffic violation,False,False,True,warning,False,False,False,False,True,True,True,consent,moving traffic violation,False,low,64
1401266,2012-02-21_10:55:00,-26.3553778,31.4590266,19.6372948470373,24.0,medium,male,9d1e57a193,vehicular,moving traffic violation,False,False,True,warning,False,False,False,False,True,False,True,consent,moving traffic violation,False,low,56
2663009,2010-07-09_09:00:00,-26.613766,31.221045599999982,28.897293446506563,19.0,short,male,9d1e57a193,vehicular,moving traffic violation,False,False,True,warning,True,True,False,True,True,True,True,consent,moving traffic violation,False,low,88
2066040,2013-05-17_13:27:00,-26.613766,31.221045599999982,20.622230348798723,29.0,short,male,01aa59bb70,vehicular,moving traffic violation,False,False,True,warning,False,False,False,False,True,False,True,consent,moving traffic violation,False,low,67
275697,2012-11-16_11:04:00,-26.613766,31.221045599999982,20.657508506424506,24.0,short,male,01aa59bb70,vehicular,vehicle equipment violation,False,False,True,warning,False,False,False,False,True,True,True,consent,vehicle equipment violation,False,low,63
2701400,2013-08-13_09:38:00,-26.613766,31.221045599999982,35.24971295695965,45.0,medium,male,01aa59bb70,vehicular,moving traffic violation,False,False,True,warning,True,True,False,False,True,True,True,probable cause,moving traffic violation,False,low,90
484483,2012-01-19_11:07:00,-26.613766,31.221045599999982,18.736141509221508,29.0,medium,male,01aa59bb70,vehicular,moving traffic violation,False,False,True,warning,False,False,False,False,True,True,True,consent,moving traffic violation,False,low,69
2747694,2012-08-20_13:00:00,-26.613766,31.221045599999982,28.167998173431013,53.0,tall,male,01aa59bb70,vehicular,moving traffic violation,False,True,False,citation,True,True,False,False,True,True,True,probable cause,moving traffic violation,False,low,99
57463,2013-10-17_15:15:00,-26.613766,31.221045599999982,19.613495102581286,23.0,medium,male,9d1e57a193,vehicular,moving traffic violation,False,False,True,warning,False,False,False,True,True,True,True,consent,moving traffic violation,False,low,73
1858169,2012-04-20_13:28:00,-26.613766,31.221045599999982,20.879326218228016,33.0,medium,male,01aa59bb70,vehicular,moving traffic violation,False,False,True,warning,False,False,False,False,True,True,True,consent,moving traffic violation,False,low,57
16486,2013-10-01_12:30:00,-26.613766,31.221045599999982,32.831679941732524,34.0,medium,male,01aa59bb70,vehicular,moving traffic violation,False,False,True,warning,False,False,False,True,True,False,True,consent,moving traffic violation,False,low,60
2597521,2011-07-28_01:22:00,-26.340835999999996,30.654562000000027,30.814707630633354,23.0,tall,male,82f2e31c2b,vehicular,moving traffic violation,False,False,True,warning,False,False,False,False,True,False,True,plain view,moving traffic violation,False,low,62
2810698,2012-08-28_11:28:00,-26.613766,31.221045599999982,23.39756077206487,21.0,short,female,01aa59bb70,vehicular,moving traffic violation,False,False,True,warning,False,False,False,False,True,False,True,consent,moving traffic violation,False,low,62
1343766,2012-02-13_15:33:00,-26.613766,31.221045599999982,41.06656384693251,33.0,tall,male,01aa59bb70,vehicular,vehicle equipment violation,False,False,True,warning,True,True,False,False,True,True,True,probable cause,vehicle equipment violation,False,low,108
1684096,2012-03-28_12:02:00,-26.613766,31.221045599999982,29.00147074166677,43.0,short,male,9d1e57a193,vehicular,moving traffic violation,False,False,True,warning,False,False,False,False,True,False,True,consent,moving traffic violation,False,low,62
2655309,2010-07-08_15:47:00,-26.613766,31.221045599999982,18.63496478071153,41.0,tall,male,01aa59bb70,vehicular,moving traffic violation,False,False,True,warning,False,False,False,False,True,True,True,consent,moving traffic violation,False,low,60
2379443,2012-06-27_18:36:00,-25.79661,31.514899000000028,25.29239066987977,70.0,medium,male,82f2e31c2b,vehicular,moving traffic violation,False,False,True,warning,False,False,False,False,True,False,True,plain view,moving traffic violation,False,low,64
231631,2010-01-11_13:40:00,-26.613941499999996,31.220596900000004,21.75435817736434,31.0,short,male,9d1e57a193,vehicular,moving traffic violation,False,False,True,warning,False,False,False,False,True,False,True,consent,moving traffic violation,False,low,61
2671231,2011-08-10_03:18:00,-26.340835999999996,30.654562000000027,39.40445410735198,33.0,tall,male,82f2e31c2b,vehicular,vehicle equipment violation,False,False,True,warning,False,False,False,False,True,False,True,plain view,vehicle equipment violation,False,low,52
2699825,2012-08-13_15:55:00,-26.613766,31.221045599999982,18.270412090258024,28.0,short,male,01aa59bb70,vehicular,moving traffic violation,False,False,True,warning,False,False,False,False,True,False,True,consent,moving traffic violation,False,low,62
2535375,2010-07-20_15:20:00,-26.613766,31.221045599999982,30.430393938519984,37.0,short,female,9d1e57a193,vehicular,moving traffic violation,False,False,True,warning,False,False,False,False,True,False,True,consent,moving traffic violation,False,low,62
2265715,2013-06-13_12:44:00,-26.613766,31.221045599999982,28.756108966676386,33.0,short,male,01aa59bb70,vehicular,moving traffic violation,False,False,True,warning,False,False,False,True,True,False,True,consent,moving traffic violation,False,low,65
3021703,2013-09-27_09:00:00,-26.613766,31.221045599999982,38.46398186898785,34.0,tall,male,9d1e57a193,vehicular,seatbelt violation,False,False,True,warning,False,False,False,False,True,False,True,consent,seatbelt violation,False,low,68
1408622,2012-02-02_12:00:00,-26.3553778,31.4590266,28.93121432754235,37.0,tall,male,9d1e57a193,vehicular,moving traffic violation,False,False,True,warning,False,False,False,False,True,False,True,probable cause,moving traffic violation,False,low,58
671101,2011-12-03_16:36:00,-26.39990620000001,31.389837900000018,50.71025747037144,54.0,medium,male,01aa59bb70,vehicular,vehicle equipment violation,False,True,False,citation,False,False,False,False,True,True,True,consent,vehicle equipment violation,False,low,77
2234252,2013-06-10_11:21:00,-26.613766,31.221045599999982,21.34326583112066,33.0,medium,male,01aa59bb70,vehicular,moving traffic violation,False,False,True,warning,False,False,False,False,True,True,True,consent,moving traffic violation,False,low,59
1424476,2012-02-23_09:36:00,-26.613766,31.221045599999982,16.221875400226235,39.0,short,male,01aa59bb70,vehicular,moving traffic violation,False,False,True,warning,False,False,False,True,True,False,True,consent,moving traffic violation,False,low,76
1453191,2012-02-27_11:08:00,-26.613766,31.221045599999982,22.882884727003677,35.0,short,male,01aa59bb70,vehicular,moving traffic violation,False,False,True,warning,False,False,False,True,True,False,True,consent,moving traffic violation,False,low,61
1620798,2012-03-21_14:47:00,-26.613766,31.221045599999982,40.63445258589781,24.0,tall,male,01aa59bb70,vehicular,moving traffic violation,False,False,True,warning,False,False,False,False,True,True,True,consent,moving traffic violation,False,low,69
2549723,2012-07-02_10:39:00,-26.613766,31.221045599999982,20.623475557123168,45.0,tall,male,01aa59bb70,vehicular,moving traffic violation,False,False,True,warning,False,False,False,False,True,True,True,probable cause,moving traffic violation,False,low,65
2467675,2012-07-11_10:00:00,-26.613766,31.221045599999982,26.620735825244438,33.0,medium,female,01aa59bb70,vehicular,moving traffic violation,False,True,False,citation,True,True,False,False,True,True,True,consent,moving traffic violation,False,low,79
2302250,2012-06-18_12:15:00,-26.613766,31.221045599999982,30.0672581456984,22.0,medium,male,01aa59bb70,vehicular,moving traffic violation,False,False,True,warning,True,True,False,False,True,False,True,probable cause,moving traffic violation,False,low,96
454713,2012-11-07_09:04:00,-26.613766,31.221045599999982,20.569063207076578,34.0,tall,male,01aa59bb70,vehicular,moving traffic violation,False,False,True,warning,True,True,False,False,True,True,True,consent,moving traffic violation,False,low,93
2096258,2013-05-21_14:34:00,-26.613766,31.221045599999982,24.14989310747672,31.0,tall,male,01aa59bb70,vehicular,moving traffic violation,False,False,True,warning,True,False,False,False,True,True,True,consent,moving traffic violation,False,low,66
2576354,2011-07-25_01:01:00,-26.340835999999996,30.654562000000027,27.005857215587934,20.0,tall,female,82f2e31c2b,vehicular,vehicle equipment violation,False,False,True,warning,False,False,False,False,True,False,True,plain view,vehicle equipment violation,False,low,73
2577302,2011-07-25_20:58:00,-26.2808178,28.078249400000004,36.09496548508168,26.0,tall,male,498350de5b,vehicular,vehicle equipment violation,False,True,False,citation,False,False,False,True,True,True,True,consent,vehicle equipment violation,False,medium,77
278883,2015-11-16_08:38:00,-26.24225710000001,28.122826400000008,40.22247237632864,22.0,medium,female,93ef5d6182,vehicular,seatbelt violation,False,True,True,citation,False,False,False,True,True,True,True,probable cause,seatbelt violation,False,medium,74
2292113,2016-06-16_16:19:00,-26.2580951,28.09384800000001,31.786577843335245,19.0,medium,male,b3d18aa8ec,vehicular,seatbelt violation,False,False,True,warning,False,False,False,False,True,False,True,consent,seatbelt violation,False,medium,68
2407452,2010-06-03_21:14:00,-26.2808178,28.078249400000004,36.362457713053765,30.0,medium,male,498350de5b,vehicular,vehicle equipment violation,False,True,False,citation,False,False,False,True,True,True,True,probable cause,vehicle equipment violation,False,medium,63
1675214,2010-03-27_21:04:00,-26.207177199999997,28.100984200000028,58.64002139144635,36.0,tall,male,6f0e6c9ea2,vehicular,moving traffic violation,False,True,False,citation,False,False,False,True,True,True,False,consent,moving traffic violation,False,medium,66
1638542,2013-03-22_05:08:00,-26.270029799999996,28.057880600000004,25.379072677498044,35.0,tall,male,82f2e31c2b,vehicular,moving traffic violation,False,False,True,warning,False,False,False,False,True,False,True,plain view,moving traffic violation,True,medium,58
41990,2010-10-15_09:46:00,-26.300964,28.139488,27.52934242514887,48.0,tall,male,6f0e6c9ea2,vehicular,seatbelt violation,False,True,False,citation,True,True,False,True,True,True,True,consent,seatbelt violation,False,medium,87
479927,2010-01-19_13:59:00,-26.240977699999995,28.115683200000007,29.847820075520378,25.0,tall,female,6f0e6c9ea2,vehicular,moving traffic violation,False,False,True,warning,False,False,False,False,True,False,True,consent,moving traffic violation,False,medium,79
188954,2010-10-07_12:23:00,-26.261665999999998,28.058118000000007,17.58776661323032,20.0,short,male,498350de5b,vehicular,seatbelt violation,False,True,False,citation,False,False,False,True,True,True,True,consent,seatbelt violation,False,medium,72
60932,2010-10-18_12:20:00,-26.2795055,28.11523559999999,20.33574350473871,24.0,tall,male,6f0e6c9ea2,vehicular,safety violation,False,True,False,citation,False,False,False,True,True,False,True,consent,safety violation,False,medium,72
2200056,2016-05-05_16:44:00,-26.2580951,28.09384800000001,36.10221076053306,22.0,medium,male,b3d18aa8ec,vehicular,vehicle equipment violation,False,False,True,warning,False,False,False,False,True,False,True,plain view,vehicle equipment violation,False,medium,70
1699653,2011-03-30_13:16:00,-26.300964,28.139488,44.383122062585215,20.0,tall,female,6f0e6c9ea2,vehicular,seatbelt violation,False,True,False,citation,False,False,False,False,True,False,True,consent,seatbelt violation,False,medium,84
2565684,2013-07-23_11:42:00,-26.24225710000001,28.122826400000008,22.353464302223415,19.0,medium,male,93ef5d6182,vehicular,vehicle equipment violation,False,False,True,warning,False,False,False,True,True,True,True,probable cause,vehicle equipment violation,False,medium,66
743080,2016-12-07_09:35:00,-26.2418641,28.122448200000008,18.56278262725971,20.0,medium,male,93ef5d6182,vehicular,seatbelt violation,False,False,True,warning,False,False,False,True,True,True,True,probable cause,seatbelt violation,False,medium,68
1318634,2016-02-10_09:15:00,-26.2420179,28.121188800000027,44.97727626253428,24.0,medium,male,93ef5d6182,vehicular,seatbelt violation,False,True,True,citation,False,False,False,True,True,True,True,probable cause,seatbelt violation,False,medium,74
233197,2011-01-11_10:10:00,-26.279260099999995,28.08314509999998,17.197346845131875,44.0,short,male,9d1e57a193,vehicular,investigative stop,False,False,True,warning,False,False,False,False,True,False,True,consent,investigative stop,False,medium,63
625581,2011-12-22_18:56:00,-26.270029799999996,28.057880600000004,31.78715772524219,19.0,short,male,498350de5b,vehicular,vehicle equipment violation,False,False,True,warning,False,False,False,True,True,True,True,consent,vehicle equipment violation,False,medium,70
2733451,2011-08-18_20:57:00,-26.27823570000001,28.074409900000006,31.354949739324883,20.0,medium,female,498350de5b,vehicular,seatbelt violation,False,False,True,warning,False,False,False,True,True,True,True,consent,seatbelt violation,False,medium,63
67943,2010-10-19_13:37:00,-26.300964,28.139488,28.043069209720432,41.0,tall,female,6f0e6c9ea2,vehicular,seatbelt violation,False,True,False,citation,True,True,False,False,True,False,True,consent,seatbelt violation,False,medium,90
479328,2010-01-19_13:05:00,-26.2432006,28.081418600000006,38.889291041315346,26.0,short,female,6f0e6c9ea2,vehicular,vehicle equipment violation,False,True,False,citation,False,False,False,False,True,False,True,consent,vehicle equipment violation,False,medium,83
60710,2010-10-18_10:50:00,-26.300964,28.139488,20.547107581689662,26.0,medium,male,6f0e6c9ea2,vehicular,vehicle equipment violation,False,True,False,citation,False,False,False,True,True,False,True,consent,vehicle equipment violation,False,medium,74
2905286,2016-09-01_20:26:00,-26.241390399999986,28.082278800000026,21.973676111895927,17.0,tall,male,b3d18aa8ec,vehicular,registration,False,False,True,warning,False,False,False,False,True,False,True,plain view,registration,False,medium,69
41877,2010-10-15_08:58:00,-26.275690499999996,28.111283,32.78518206867433,25.0,tall,female,6f0e6c9ea2,vehicular,moving traffic violation,False,False,True,warning,False,False,False,False,True,False,True,consent,moving traffic violation,False,medium,72
2018598,2016-05-11_19:12:00,-26.246348799999986,28.082822800000002,21.044316776612284,46.0,medium,male,b3d18aa8ec,vehicular,registration,False,False,True,warning,False,False,False,False,True,False,True,plain view,registration,False,medium,69
1714562,2010-03-03_15:18:00,-26.288597099999997,28.12624190000001,18.26607622160158,43.0,medium,male,6f0e6c9ea2,vehicular,vehicle equipment violation,False,False,True,warning,False,False,False,False,True,False,True,consent,vehicle equipment violation,False,medium,72
2724054,2016-08-16_10:14:00,-26.240749099999995,28.123235300000005,24.530654554413974,22.0,medium,male,93ef5d6182,vehicular,vehicle equipment violation,False,True,True,citation,True,True,False,True,True,True,True,probable cause,vehicle equipment violation,False,medium,101
672924,2012-12-03_14:45:00,-26.240803899999996,28.10259759999998,29.497971832089714,26.0,medium,male,93ef5d6182,vehicular,seatbelt violation,False,False,True,warning,False,False,False,True,True,True,True,probable cause,seatbelt violation,False,medium,66
3078761,2011-09-08_22:02:00,-26.2808178,28.078249400000004,28.18248292193543,21.0,medium,male,498350de5b,vehicular,vehicle equipment violation,True,True,False,arrest,False,False,False,True,True,True,False,other,vehicle equipment violation,False,medium,68
19659,2015-10-01_04:49:00,-26.285224200000002,28.08212590000001,35.09411277863747,22.0,short,female,82f2e31c2b,vehicular,moving traffic violation,False,False,True,warning,False,False,False,False,True,False,True,plain view,moving traffic violation,False,medium,55
680846,2015-12-03_13:18:00,-26.253314499999995,28.09068010000003,23.426959978237875,18.0,short,male,93ef5d6182,vehicular,vehicle equipment violation,False,False,True,warning,False,False,False,True,True,True,True,consent,vehicle equipment violation,False,medium,68
2904998,2016-09-01_16:42:00,-26.2432006,28.081418600000006,21.742635351035695,26.0,medium,male,b3d18aa8ec,vehicular,seatbelt violation,False,False,True,warning,False,False,False,False,True,False,True,plain view,seatbelt violation,False,medium,68
13602,2010-10-01_13:18:00,-26.23372470000001,28.174929500000005,32.133060723342545,45.0,tall,male,6f0e6c9ea2,vehicular,vehicle equipment violation,True,False,False,arrest,False,False,False,True,True,True,True,consent,vehicle equipment violation,False,medium,81
463557,2010-01-18_10:08:00,-26.240400299999997,28.107830000000007,23.327291235537043,22.0,tall,female,6f0e6c9ea2,vehicular,vehicle equipment violation,False,False,True,warning,False,False,False,False,True,False,True,consent,vehicle equipment violation,False,medium,71
652409,2010-12-29_11:29:00,-26.265215999999995,28.101527700000005,18.2660568050496,28.0,tall,female,6f0e6c9ea2,vehicular,vehicle equipment violation,False,False,True,warning,False,False,False,False,True,False,True,consent,vehicle equipment violation,False,medium,77
1855696,2010-04-20_12:22:00,-26.265215999999995,28.101527700000005,21.83664543034457,22.0,tall,female,6f0e6c9ea2,vehicular,vehicle equipment violation,False,True,False,citation,False,False,False,False,True,False,True,consent,vehicle equipment violation,False,medium,76
2292188,2016-06-16_17:31:00,-26.2432006,28.081418600000006,29.40533564836982,18.0,short,female,b3d18aa8ec,vehicular,vehicle equipment violation,False,False,True,warning,False,False,False,False,True,False,True,plain view,vehicle equipment violation,False,medium,67
634777,2010-12-24_01:21:00,-26.279260099999995,28.08314509999998,44.67960832492246,26.0,medium,male,498350de5b,vehicular,vehicle equipment violation,False,True,False,citation,False,False,False,True,True,True,True,consent,vehicle equipment violation,False,medium,64
254372,2012-11-13_13:36:00,-26.256442999999997,28.110940000000028,15.429764777485413,20.0,tall,female,93ef5d6182,vehicular,vehicle equipment violation,False,True,True,citation,True,False,False,True,True,True,True,consent,vehicle equipment violation,False,medium,69
1325016,2015-02-11_04:51:00,-26.285224200000002,28.08212590000001,28.386471163185387,48.0,medium,male,82f2e31c2b,vehicular,moving traffic violation,False,False,True,warning,False,False,False,False,True,False,True,plain view,moving traffic violation,False,medium,63
1585836,2016-03-16_10:11:00,-26.240972399999997,28.11588619999999,29.290419295884405,20.0,tall,male,93ef5d6182,vehicular,seatbelt violation,False,True,True,citation,False,False,False,True,True,True,True,consent,seatbelt violation,False,medium,69
2797077,2011-08-26_20:18:00,-26.2793944,28.078323499999982,25.339390243562324,24.0,medium,male,498350de5b,vehicular,vehicle equipment violation,False,True,False,citation,False,False,False,True,True,True,True,consent,vehicle equipment violation,False,medium,59
2522644,2011-07-18_20:31:00,-26.274894299999985,28.093466500000005,29.5404229967431,20.0,medium,female,498350de5b,vehicular,vehicle equipment violation,True,True,False,arrest,True,True,False,True,True,True,False,other,vehicle equipment violation,False,medium,111
341007,2010-11-23_13:39:00,-26.229175999999995,28.0672287,11.574701444087305,52.0,medium,male,6f0e6c9ea2,vehicular,safety violation,False,True,False,citation,False,False,False,True,True,False,True,consent,safety violation,False,medium,69
555963,2011-12-15_20:42:00,-26.2808178,28.078249400000004,36.12778692903775,27.0,medium,male,498350de5b,vehicular,vehicle equipment violation,False,True,False,citation,False,False,False,True,True,True,False,consent,vehicle equipment violation,False,medium,67
2934211,2010-09-16_12:48:00,-26.248081,28.092135900000002,16.159614448362632,23.0,tall,female,6f0e6c9ea2,vehicular,moving traffic violation,False,True,False,citation,True,True,False,False,True,False,True,consent,moving traffic violation,False,medium,97
1706283,2010-03-31_10:40:00,-26.2432006,28.081418600000006,28.773875449643512,19.0,tall,female,6f0e6c9ea2,vehicular,vehicle equipment violation,False,True,False,citation,False,False,False,False,True,False,True,consent,vehicle equipment violation,False,medium,71
1729990,2010-03-05_22:33:00,-26.282361199999997,28.074069300000005,30.999341599425215,29.0,tall,male,498350de5b,vehicular,vehicle equipment violation,False,True,False,citation,True,True,False,True,True,True,True,consent,vehicle equipment violation,False,medium,94
2084994,2016-05-19_09:54:00,-26.245225499999997,28.123954700000027,24.864856016226547,32.0,medium,male,93ef5d6182,vehicular,seatbelt violation,True,False,True,arrest,False,False,False,True,True,True,False,other,seatbelt violation,False,medium,70
2843903,2016-08-03_20:09:00,-26.240803899999996,28.10259759999998,23.2665220271709,50.0,tall,male,b3d18aa8ec,vehicular,moving traffic violation,False,False,True,warning,False,False,False,False,True,False,True,plain view,moving traffic violation,False,medium,74
2773959,2016-08-22_09:28:00,-26.2407642,28.123231200000006,28.875093014541044,31.0,medium,male,93ef5d6182,vehicular,seatbelt violation,False,False,True,warning,False,False,False,True,True,True,True,consent,seatbelt violation,False,medium,74
1444431,2010-02-26_18:25:00,-26.2580951,28.09384800000001,49.68075359325354,23.0,medium,female,498350de5b,vehicular,seatbelt violation,True,True,False,arrest,False,False,False,True,True,True,False,other,seatbelt violation,False,medium,70
2715295,2014-08-15_10:32:00,-26.2714224,28.13228670000001,30.25350456985316,19.0,medium,male,93ef5d6182,vehicular,investigative stop,False,False,True,warning,False,False,False,True,True,True,True,consent,investigative stop,False,medium,67
1817784,2010-04-15_04:31:00,-26.3777148,28.060558700000044,23.477523633160665,57.0,tall,female,82f2e31c2b,vehicular,moving traffic violation,False,False,True,warning,False,False,False,False,True,False,True,plain view,moving traffic violation,False,medium,61
1308267,2019-03-05_14:25:00,-26.292609899999995,28.08276300000003,26.436322621734902,15.0,short,male,498350de5b,vehicular,moving traffic violation,True,True,False,arrest,False,False,False,True,True,True,False,other,moving traffic violation,False,medium,71
1723247,2011-03-04_00:50:00,-26.2808178,28.078249400000004,24.241540314933903,32.0,short,male,498350de5b,vehicular,moving traffic violation,True,False,True,arrest,True,True,False,True,True,True,True,other,moving traffic violation,False,medium,99
2836791,2016-08-31_18:13:00,-26.241390399999986,28.082278800000026,19.51342594291207,27.0,medium,male,b3d18aa8ec,vehicular,moving traffic violation,False,False,True,warning,False,False,False,False,True,False,True,plain view,moving traffic violation,False,medium,60
2200382,2016-05-05_08:18:00,-26.2418641,28.122448200000008,24.71913952459505,45.0,tall,male,93ef5d6182,vehicular,seatbelt violation,True,False,True,arrest,False,False,False,True,True,True,False,other,seatbelt violation,False,medium,63
2836768,2016-08-31_17:50:00,-26.2408986,28.080009000000004,37.14342866192153,41.0,medium,female,b3d18aa8ec,vehicular,registration,False,False,True,warning,False,False,False,False,True,False,True,plain view,registration,False,medium,63
2843829,2016-08-03_19:19:00,-26.2432006,28.081418600000006,35.58683755251125,34.0,tall,female,b3d18aa8ec,vehicular,moving traffic violation,False,False,True,warning,False,False,False,False,True,False,True,plain view,moving traffic violation,False,medium,54
1513391,2013-02-08_10:19:00,-26.236114899999997,28.105156000000008,30.950015874547894,20.0,medium,female,93ef5d6182,vehicular,moving traffic violation,False,True,True,citation,True,True,False,True,True,True,True,consent,moving traffic violation,False,medium,79
2057928,2013-05-16_10:58:00,-26.25184929999999,28.107412299999964,40.019839282405606,17.0,short,male,93ef5d6182,vehicular,investigative stop,False,True,True,citation,False,False,False,True,True,True,False,consent,investigative stop,False,medium,65
2738608,2010-08-19_02:07:00,-26.283136,28.050576600000028,26.082559935365364,17.0,tall,male,498350de5b,vehicular,moving traffic violation,False,False,True,warning,False,False,False,True,True,True,True,consent,moving traffic violation,False,medium,72
712007,2010-12-06_12:33:00,-26.2795055,28.11523559999999,33.21399407730519,24.0,tall,female,6f0e6c9ea2,vehicular,moving traffic violation,False,True,False,citation,False,False,False,False,True,False,True,consent,moving traffic violation,False,medium,76
2399236,2010-06-30_13:27:00,-26.2871309,28.12346679999999,29.95559914148593,20.0,tall,female,6f0e6c9ea2,vehicular,moving traffic violation,False,True,False,citation,False,False,False,False,True,False,True,consent,moving traffic violation,False,medium,79
2495050,2010-07-14_23:25:00,-26.261966099999995,28.060993200000027,18.022553117130016,31.0,tall,male,498350de5b,vehicular,vehicle equipment violation,False,False,True,warning,False,False,False,True,True,True,False,consent,vehicle equipment violation,False,medium,68
2912570,2010-09-13_01:04:00,-26.2485078,28.1001021,34.075827938027096,33.0,tall,female,93ef5d6182,vehicular,vehicle equipment violation,False,True,False,citation,True,True,False,True,True,True,True,consent,vehicle equipment violation,False,medium,87
1757118,2013-03-08_04:53:00,-26.285224200000002,28.08212590000001,24.1369381391496,26.0,tall,male,82f2e31c2b,vehicular,moving traffic violation,False,False,True,warning,False,False,False,False,True,False,True,plain view,moving traffic violation,False,medium,70
2993938,2014-09-23_16:05:00,-26.285224200000002,28.08212590000001,36.955675171843794,15.0,tall,male,498350de5b,vehicular,moving traffic violation,True,True,False,arrest,False,False,False,True,True,True,True,other,moving traffic violation,False,medium,65
804151,2010-01-05_11:51:00,-26.2432006,28.081418600000006,21.330188198801494,32.0,tall,female,6f0e6c9ea2,vehicular,vehicle equipment violation,False,True,False,citation,False,False,False,False,True,False,True,consent,vehicle equipment violation,False,medium,73
1598849,2013-03-18_12:52:00,-26.2448408,28.124263500000026,14.289165271398405,23.0,medium,male,93ef5d6182,vehicular,seatbelt violation,False,True,True,citation,True,True,False,True,True,True,True,consent,seatbelt violation,False,medium,107
726341,2010-12-07_22:46:00,-26.2432006,28.081418600000006,23.179465518170236,24.0,medium,male,93ef5d6182,vehicular,moving traffic violation,False,False,True,warning,False,False,False,True,True,True,True,probable cause,moving traffic violation,True,medium,72
481751,2011-01-19_11:02:00,-26.229175999999995,28.0672287,31.873292855869146,26.0,short,female,6f0e6c9ea2,vehicular,vehicle equipment violation,False,True,False,citation,False,False,False,True,True,True,False,consent,vehicle equipment violation,False,medium,68
496092,2011-01-20_10:51:00,-26.2407447,28.112911800000006,31.850763135698173,19.0,tall,female,6f0e6c9ea2,vehicular,seatbelt violation,False,True,False,citation,True,False,False,True,True,False,True,consent,seatbelt violation,False,medium,65
2773954,2016-08-22_09:25:00,-26.241869299999998,28.120834099999982,29.096042396947897,32.0,medium,male,93ef5d6182,vehicular,seatbelt violation,False,True,True,citation,False,False,False,True,True,True,True,probable cause,seatbelt violation,False,medium,74
2501573,2010-07-15_15:12:00,-26.0639684,28.082269700000026,28.010682831954284,17.0,tall,female,6f0e6c9ea2,vehicular,vehicle equipment violation,False,False,True,warning,False,False,False,True,True,True,True,probable cause,vehicle equipment violation,False,high,68
781942,2012-01-31_18:31:00,-26.11269029999999,28.03674070000001,25.16509233684224,33.0,tall,male,82f2e31c2b,vehicular,moving traffic violation,False,False,True,warning,False,False,False,False,True,False,True,plain view,moving traffic violation,False,high,64
1862760,2016-04-20_21:41:00,-26.08547589999999,28.007531400000005,32.697427631878256,27.0,medium,male,d6864f2be6,vehicular,vehicle equipment violation,False,False,True,warning,False,False,False,False,True,False,True,plain view,vehicle equipment violation,False,high,84
351635,2015-11-24_03:33:00,-26.095037799999986,28.001629800000003,29.30929114396469,38.0,medium,female,d6864f2be6,vehicular,moving traffic violation,False,False,True,warning,False,False,False,False,True,False,True,plain view,moving traffic violation,False,high,77
846360,2015-01-09_17:24:00,-26.060759499999996,27.97427270000003,20.627133726611763,34.0,medium,female,d6864f2be6,vehicular,vehicle equipment violation,False,False,True,warning,False,False,False,False,True,False,True,plain view,vehicle equipment violation,False,high,84
758005,2016-01-28_17:32:00,-26.0964659,28.005706100000026,14.502270527148589,28.0,tall,male,82f2e31c2b,vehicular,moving traffic violation,False,False,True,warning,False,False,False,False,True,False,True,plain view,moving traffic violation,False,high,64
2095774,2013-05-21_22:09:00,-26.0672066,28.025580000000005,25.837489090701865,18.0,tall,female,d6864f2be6,vehicular,vehicle equipment violation,False,False,True,warning,False,False,False,False,True,False,True,plain view,vehicle equipment violation,False,high,77
616937,2013-01-22_21:40:00,-26.056566599999996,28.01994990000003,24.442808197618813,21.0,tall,male,d6864f2be6,vehicular,moving traffic violation,False,False,True,warning,False,False,False,False,True,False,True,plain view,moving traffic violation,False,high,80
2869413,2015-08-07_13:42:00,-26.057408599999995,28.029875900000008,30.45646310295452,18.0,tall,male,2b7a7efb70,vehicular,moving traffic violation,False,True,True,citation,False,False,False,False,True,True,True,consent,moving traffic violation,False,high,72
1816975,2016-04-14_20:34:00,-26.066181199999995,28.025525900000005,31.93718158376147,63.0,short,male,d6864f2be6,vehicular,vehicle equipment violation,False,True,True,citation,False,False,False,False,True,False,True,plain view,vehicle equipment violation,False,high,84
2021498,2013-05-01_22:57:00,-26.060759499999996,27.97427270000003,19.511882095152536,52.0,tall,female,d6864f2be6,vehicular,moving traffic violation,False,False,True,warning,False,False,False,False,True,False,True,plain view,moving traffic violation,False,high,74
2992251,2013-09-23_23:22:00,-26.053995199999996,28.040355500000004,35.2773228093752,20.0,medium,male,d6864f2be6,vehicular,moving traffic violation,False,False,True,warning,False,False,False,False,True,False,True,plain view,moving traffic violation,False,high,66
2171963,2016-05-30_22:10:00,-26.060759499999996,27.97427270000003,26.394422384750698,18.0,medium,male,d6864f2be6,vehicular,vehicle equipment violation,False,False,True,warning,False,False,False,False,True,False,True,plain view,vehicle equipment violation,False,high,78
1809676,2010-04-14_15:25:00,-26.0720787,28.073132799999982,31.385559772793172,23.0,tall,male,6f0e6c9ea2,vehicular,moving traffic violation,False,False,True,warning,False,False,False,True,True,False,True,consent,moving traffic violation,False,high,69
204673,2012-10-09_03:31:00,-26.0715656,28.016452700000002,25.0843020311869,22.0,tall,male,d6864f2be6,vehicular,vehicle equipment violation,False,False,True,warning,False,False,False,False,True,False,True,plain view,vehicle equipment violation,False,high,72
2234083,2013-06-10_22:09:00,-26.0330876,28.030904500000005,45.34972864829834,48.0,tall,female,d6864f2be6,vehicular,vehicle equipment violation,False,False,True,warning,False,False,False,False,True,False,True,plain view,vehicle equipment violation,False,high,79
2696676,2016-08-12_22:15:00,-26.095037799999986,28.001629800000003,25.40606664256738,50.0,medium,male,82f2e31c2b,vehicular,registration,False,False,True,warning,False,False,False,False,True,False,True,plain view,registration,False,high,72
617210,2014-01-22_22:30:00,-26.067017799999995,28.049044200000026,31.516765313776126,60.0,tall,female,d6864f2be6,vehicular,vehicle equipment violation,False,False,True,warning,False,False,False,False,True,False,True,plain view,vehicle equipment violation,False,high,67
51750,2014-10-16_01:20:00,-26.058898,28.01963520000001,19.76364461796486,23.0,medium,male,d6864f2be6,vehicular,vehicle equipment violation,False,True,False,citation,False,False,False,False,True,False,True,plain view,vehicle equipment violation,False,high,78
526391,2014-01-21_22:23:00,-26.067762699999996,28.0177891,41.64729695546846,20.0,medium,male,d6864f2be6,vehicular,vehicle equipment violation,False,False,True,warning,False,False,False,False,True,False,True,plain view,vehicle equipment violation,False,high,75
2583926,2011-07-26_12:33:00,-26.074417299999986,28.076382800000005,11.32935015675164,25.0,tall,male,6f0e6c9ea2,vehicular,seatbelt violation,False,True,False,citation,False,False,False,False,True,False,True,consent,seatbelt violation,False,high,90
1524007,2015-02-09_21:44:00,-26.027842399999997,28.037275500000007,25.812873943523165,30.0,tall,male,d6864f2be6,vehicular,vehicle equipment violation,False,False,True,warning,False,False,False,False,True,False,True,plain view,vehicle equipment violation,False,high,86
1006245,2017-08-10_10:06:00,-26.072075999999996,28.052960099999964,26.154037333870185,30.0,medium,male,2b7a7efb70,vehicular,seatbelt violation,False,False,True,warning,False,False,False,False,True,True,True,consent,seatbelt violation,False,high,105
2367902,2014-06-25_09:12:00,-26.096481700000005,28.00512159999998,39.219301062625696,35.0,medium,male,2b7a7efb70,vehicular,moving traffic violation,False,False,True,warning,False,False,False,True,True,True,False,consent,moving traffic violation,False,high,88
2549907,2012-07-02_01:21:00,-26.079024799999992,28.019902400000007,22.485930125845883,29.0,medium,female,d6864f2be6,vehicular,vehicle equipment violation,False,False,True,warning,False,False,False,False,True,False,True,plain view,vehicle equipment violation,False,high,77
801520,2014-01-04_07:14:00,-26.077728999999998,28.058849500000008,35.759920805418005,22.0,medium,male,2b7a7efb70,vehicular,investigative stop,True,False,False,arrest,False,False,False,False,True,True,True,consent,investigative stop,False,high,95
792699,2014-01-03_20:06:00,-26.0361725,28.033551800000026,38.62610815291645,25.0,tall,female,d6864f2be6,vehicular,vehicle equipment violation,False,False,True,warning,False,False,False,False,True,False,True,plain view,vehicle equipment violation,False,high,74
2318988,2013-06-20_00:42:00,-26.059785499999997,28.019523400000026,27.775038324644107,52.0,tall,male,d6864f2be6,vehicular,vehicle equipment violation,False,False,True,warning,False,False,False,False,True,False,True,plain view,vehicle equipment violation,False,high,67
359784,2012-11-26_02:03:00,-26.080592699999997,28.01060240000001,36.33569936968498,19.0,tall,male,d6864f2be6,vehicular,vehicle equipment violation,False,False,True,warning,False,False,False,False,True,False,True,plain view,vehicle equipment violation,False,high,78
3020976,2013-09-27_01:35:00,-26.0227645,28.025189600000004,26.088927765680925,26.0,tall,male,d6864f2be6,vehicular,vehicle equipment violation,False,True,False,citation,False,False,False,False,True,False,True,plain view,vehicle equipment violation,False,high,78
104051,2013-10-23_21:05:00,-26.0431562,28.024605000000008,24.483628270722157,25.0,tall,male,d6864f2be6,vehicular,moving traffic violation,False,False,True,warning,False,False,False,False,True,False,True,plain view,moving traffic violation,False,high,72
2826880,2013-08-30_22:15:00,-26.061038699999997,28.04606090000003,22.42217017224904,29.0,tall,female,d6864f2be6,vehicular,vehicle equipment violation,False,False,True,warning,False,False,False,False,True,False,True,plain view,vehicle equipment violation,False,high,82
18963,2014-10-01_21:46:00,-26.048519399999996,28.0221054,17.21201846675463,40.0,tall,male,d6864f2be6,vehicular,vehicle equipment violation,False,True,True,citation,False,False,False,True,True,True,True,consent,vehicle equipment violation,False,high,70
2631194,2013-07-04_22:01:00,-26.046571199999995,28.023112700000027,26.814076807570732,28.0,medium,female,d6864f2be6,vehicular,vehicle equipment violation,False,False,True,warning,False,False,False,False,True,False,True,plain view,vehicle equipment violation,False,high,72
2666747,2014-07-09_11:48:00,-26.081983299999997,28.009671000000026,24.19694594704202,23.0,medium,male,498350de5b,vehicular,moving traffic violation,True,True,False,arrest,False,False,False,True,True,True,False,other,moving traffic violation,False,high,69
261735,2012-11-14_03:09:00,-26.0738385,28.015648500000026,33.99185089615382,34.0,tall,male,d6864f2be6,vehicular,moving traffic violation,False,False,True,warning,False,False,False,False,True,False,True,plain view,moving traffic violation,False,high,81
1672456,2014-03-26_20:48:00,-26.047270999999995,28.034223000000026,28.174295620148932,28.0,medium,male,d6864f2be6,vehicular,vehicle equipment violation,False,False,True,warning,False,False,False,False,True,False,True,plain view,vehicle equipment violation,False,high,77
2475220,2012-07-01_01:14:00,-26.076735999999997,28.013245800000007,25.837963249155752,40.0,tall,male,d6864f2be6,vehicular,vehicle equipment violation,False,False,True,warning,False,False,False,False,True,False,True,plain view,vehicle equipment violation,False,high,76
19639,2015-10-01_16:38:00,-26.0618785,28.032698800000006,28.84757749638212,40.0,medium,male,2b7a7efb70,vehicular,vehicle equipment violation,True,False,True,arrest,True,True,False,False,True,True,True,consent,vehicle equipment violation,False,high,97
238136,2012-11-01_20:34:00,-26.11269029999999,28.03674070000001,27.553255742707034,33.0,medium,female,82f2e31c2b,vehicular,moving traffic violation,False,False,True,warning,False,False,False,False,True,False,True,plain view,moving traffic violation,False,high,67
1391783,2015-02-19_22:39:00,-26.077733199999997,28.036102000000028,32.4079119335362,36.0,medium,female,d6864f2be6,vehicular,vehicle equipment violation,False,False,True,warning,False,False,False,False,True,False,True,plain view,vehicle equipment violation,False,high,83
570921,2013-12-17_22:18:00,-26.0672066,28.025580000000005,19.898176907237442,30.0,medium,female,d6864f2be6,vehicular,moving traffic violation,False,False,True,warning,False,False,False,False,True,False,True,plain view,moving traffic violation,False,high,89
1539982,2015-03-11_21:27:00,-26.065551899999996,27.99772609999998,19.82274251264648,23.0,tall,male,d6864f2be6,vehicular,vehicle equipment violation,False,False,True,warning,False,False,False,False,True,False,True,plain view,vehicle equipment violation,False,high,76
821183,2016-01-06_00:55:00,-26.048519399999996,28.0221054,26.01955275164981,23.0,medium,male,d6864f2be6,vehicular,vehicle equipment violation,False,True,True,citation,False,False,False,False,True,False,True,plain view,vehicle equipment violation,False,high,79
1187307,2018-05-08_10:09:00,-26.0242602,28.026832999999982,14.4937422243271,21.0,medium,female,2b7a7efb70,vehicular,seatbelt violation,False,True,True,citation,True,True,False,True,True,True,True,consent,seatbelt violation,False,high,104
1751521,2016-03-07_22:52:00,-26.050046000000002,28.038789400000027,23.432621679006893,40.0,tall,female,d6864f2be6,vehicular,vehicle equipment violation,False,False,True,warning,False,False,False,False,True,False,True,plain view,vehicle equipment violation,False,high,75
2319880,2013-06-20_20:57:00,-26.05787870000001,28.0404209,20.649748824575354,68.0,medium,female,d6864f2be6,vehicular,vehicle equipment violation,False,False,True,warning,False,False,False,False,True,False,True,plain view,vehicle equipment violation,False,high,80
2797591,2012-08-26_02:42:00,-26.068727200000005,28.017461300000008,46.13694858830339,45.0,medium,female,d6864f2be6,vehicular,moving traffic violation,False,False,True,warning,False,False,False,False,True,False,True,plain view,moving traffic violation,False,high,78
614470,2013-01-22_22:02:00,-26.065551899999996,27.99772609999998,16.818398121526826,43.0,medium,female,d6864f2be6,vehicular,vehicle equipment violation,False,False,True,warning,False,False,False,False,True,False,True,plain view,vehicle equipment violation,False,high,80
1426844,2015-02-23_18:30:00,-26.0342348,28.00333590000001,27.77856932653408,58.0,tall,male,d6864f2be6,vehicular,vehicle equipment violation,False,False,True,warning,False,False,False,False,True,False,True,plain view,vehicle equipment violation,False,high,80
1132400,2018-02-19_10:50:00,-26.0678994,28.048899700000007,22.54328254774374,24.0,tall,male,2b7a7efb70,vehicular,moving traffic violation,False,True,True,citation,True,False,False,False,True,True,True,plain view,moving traffic violation,False,high,81
1720784,2016-03-03_23:31:00,-26.080813299999996,27.99554090000001,21.269842167807674,23.0,medium,male,d6864f2be6,vehicular,moving traffic violation,False,False,True,warning,False,False,False,False,True,False,True,plain view,moving traffic violation,False,high,71
572143,2013-12-17_21:47:00,-26.0672066,28.025580000000005,41.574513741675496,20.0,medium,female,d6864f2be6,vehicular,vehicle equipment violation,False,True,True,citation,False,False,False,False,True,False,True,plain view,vehicle equipment violation,False,high,74
2835078,2014-08-31_08:03:00,-26.067017799999995,28.049044200000026,23.28745957895092,19.0,medium,male,2b7a7efb70,vehicular,vehicle equipment violation,False,True,True,citation,False,False,False,True,True,True,False,consent,vehicle equipment violation,False,high,84
2951228,2013-09-18_23:21:00,-26.069800700000002,28.05113270000001,20.902576773805674,35.0,medium,male,d6864f2be6,vehicular,moving traffic violation,False,True,True,citation,False,False,False,False,True,True,True,plain view,moving traffic violation,False,high,73
415738,2015-01-14_03:14:00,-26.0666711,28.015398200000007,30.65635082696741,20.0,tall,female,d6864f2be6,vehicular,vehicle equipment violation,False,False,True,warning,False,False,False,False,True,False,True,plain view,vehicle equipment violation,False,high,84
2781112,2010-08-24_14:50:00,-26.0720787,28.073132799999982,30.89938519819708,39.0,tall,female,6f0e6c9ea2,vehicular,investigative stop,False,True,False,citation,False,False,False,False,True,False,True,consent,investigative stop,False,high,68
1728835,2016-03-04_22:33:00,-26.0663426,28.042869700000026,36.416947662313355,22.0,medium,male,d6864f2be6,vehicular,vehicle equipment violation,False,True,True,citation,True,True,False,True,True,True,True,consent,vehicle equipment violation,False,high,97
2966729,2013-09-20_21:53:00,-26.0292885,28.02899809999998,35.69326962360669,27.0,medium,female,d6864f2be6,vehicular,vehicle equipment violation,False,False,True,warning,False,False,False,False,True,False,True,plain view,vehicle equipment violation,False,high,73
764313,2013-01-29_23:04:00,-26.066406100000002,28.045768800000005,18.372731077587027,20.0,tall,female,d6864f2be6,vehicular,vehicle equipment violation,False,False,True,warning,False,False,False,False,True,False,True,plain view,vehicle equipment violation,False,high,77
490705,2014-11-09_09:32:00,-26.062067499999998,28.01923409999999,28.135264625017438,29.0,medium,male,2b7a7efb70,vehicular,moving traffic violation,True,True,False,arrest,True,True,False,False,True,True,True,consent,moving traffic violation,False,high,106
95842,2012-10-22_00:06:00,-26.072762100000006,28.0160355,20.278038109897988,25.0,tall,male,d6864f2be6,vehicular,moving traffic violation,False,False,True,warning,False,False,False,False,True,False,True,plain view,moving traffic violation,False,high,73
1665432,2016-03-25_03:15:00,-26.030177399999985,28.033358000000007,41.004470287417966,40.0,medium,male,d6864f2be6,vehicular,,True,False,False,arrest,True,True,False,True,True,True,True,plain view,,False,high,103
1657219,2016-03-24_00:18:00,-26.0964659,28.005706100000026,26.397244155977212,36.0,tall,male,d6864f2be6,vehicular,vehicle equipment violation,False,False,True,warning,False,False,False,True,True,True,True,plain view,vehicle equipment violation,False,high,76
289532,2012-11-18_00:54:00,-26.0715656,28.016452700000002,30.33653464370053,34.0,tall,female,d6864f2be6,vehicular,moving traffic violation,False,False,True,warning,False,False,False,False,True,False,True,plain view,moving traffic violation,False,high,77
370304,2012-11-28_01:29:00,-26.081983299999997,28.009671000000026,27.399085622196512,34.0,tall,male,d6864f2be6,vehicular,vehicle equipment violation,False,False,True,warning,False,False,False,False,True,False,True,plain view,vehicle equipment violation,False,high,85
3082836,2014-09-08_21:30:00,-26.080813299999996,27.99554090000001,23.492831942943482,50.0,medium,male,d6864f2be6,vehicular,vehicle equipment violation,False,False,True,warning,False,False,False,False,True,False,True,plain view,vehicle equipment violation,False,high,74
842990,2013-01-09_01:29:00,-26.079215999999995,28.011543700000004,22.703341455159045,24.0,tall,male,d6864f2be6,vehicular,vehicle equipment violation,False,False,True,warning,False,False,False,False,True,False,True,plain view,vehicle equipment violation,False,high,70
102180,2012-10-23_01:35:00,-26.080592699999997,28.01060240000001,22.125948889625874,51.0,medium,male,d6864f2be6,vehicular,moving traffic violation,False,False,True,warning,False,False,False,False,True,False,True,plain view,moving traffic violation,False,high,89
2681653,2014-08-11_21:23:00,-26.066908599999998,28.039537900000028,22.849543848561005,24.0,medium,female,d6864f2be6,vehicular,vehicle equipment violation,False,False,True,warning,False,False,False,False,True,False,True,plain view,vehicle equipment violation,False,high,82
687531,2012-12-04_04:41:00,-26.0715656,28.016452700000002,27.397805452008456,48.0,tall,male,d6864f2be6,vehicular,moving traffic violation,False,False,True,warning,False,False,False,False,True,False,True,plain view,moving traffic violation,False,high,80
1918400,2016-04-26_19:58:00,-26.0566922,28.023740599999982,17.052230517240826,28.0,short,male,d6864f2be6,vehicular,vehicle equipment violation,False,True,True,citation,False,False,False,False,True,False,True,plain view,vehicle equipment violation,False,high,76
578861,2014-12-18_22:59:00,-26.0523435,27.978796200000005,24.477698636610963,45.0,tall,female,d6864f2be6,vehicular,vehicle equipment violation,False,False,True,warning,False,False,False,False,True,False,True,plain view,vehicle equipment violation,False,high,80
2965564,2013-09-20_23:02:00,-26.067762699999996,28.0177891,35.1316919543308,27.0,medium,male,d6864f2be6,vehicular,vehicle equipment violation,False,False,True,warning,False,False,False,False,True,False,True,plain view,vehicle equipment violation,False,high,83
285084,2015-11-17_22:47:00,-26.067762699999996,28.0177891,32.88313162252463,40.0,tall,male,d6864f2be6,vehicular,vehicle equipment violation,False,False,True,warning,False,False,False,False,True,False,True,plain view,vehicle equipment violation,False,high,69
472763,2013-01-18_16:57:00,-26.067762699999996,28.0177891,25.952801499979966,36.0,tall,male,d6864f2be6,vehicular,vehicle equipment violation,False,False,True,warning,False,False,False,False,True,False,True,plain view,vehicle equipment violation,False,high,79
289387,2012-11-18_23:13:00,-26.0715656,28.016452700000002,12.910819157279024,47.0,tall,female,d6864f2be6,vehicular,vehicle equipment violation,False,False,True,warning,False,False,False,False,True,False,True,plain view,vehicle equipment violation,False,high,71
960996,2017-06-07_11:09:00,-26.0672066,28.025580000000005,23.80474969887059,26.0,tall,male,2b7a7efb70,vehicular,moving traffic violation,True,False,True,arrest,False,False,False,False,True,True,False,other,moving traffic violation,False,high,84
1860780,2015-04-20_12:21:00,-26.066181199999995,28.025525900000005,40.84985353669653,22.0,medium,male,2b7a7efb70,vehicular,vehicle equipment violation,False,False,True,warning,False,False,False,False,True,True,True,consent,vehicle equipment violation,True,high,81
1797519,2013-04-12_00:03:00,-26.0780357,28.0123768,27.590579351789735,19.0,tall,male,d6864f2be6,vehicular,vehicle equipment violation,False,False,True,warning,False,False,False,False,True,False,True,plain view,vehicle equipment violation,False,high,76
1728769,2016-03-04_22:08:00,-26.0811226,27.998583800000006,24.568751562483776,58.0,tall,male,d6864f2be6,vehicular,vehicle equipment violation,False,False,True,warning,False,False,False,False,True,False,True,plain view,vehicle equipment violation,True,high,77
2697484,2016-08-12_21:25:00,-26.050631899999992,28.02121919999999,35.19340221683734,35.0,short,male,82f2e31c2b,vehicular,vehicle equipment violation,False,False,True,warning,False,False,False,False,True,False,True,plain view,vehicle equipment violation,False,high,61
2020671,2012-05-01_16:57:00,-26.1251503,28.03692740000001,15.522310529681908,65.0,tall,female,82f2e31c2b,vehicular,moving traffic violation,False,False,True,warning,False,False,False,False,True,False,True,plain view,moving traffic violation,False,high,66
1924451,2015-04-27_21:01:00,-26.058086299999992,28.045476900000025,26.454743096416074,38.0,medium,male,d6864f2be6,vehicular,vehicle equipment violation,False,False,True,warning,False,False,False,False,True,False,True,plain view,vehicle equipment violation,False,high,70
724938,2016-01-26_02:30:00,-26.066967799999986,28.018072800000027,23.5764570917412,25.0,medium,male,d6864f2be6,vehicular,vehicle equipment violation,False,True,True,citation,False,False,False,False,True,False,True,plain view,vehicle equipment violation,False,high,89
1772983,2013-04-10_03:23:00,-26.072762100000006,28.0160355,21.48062235223548,48.0,tall,male,d6864f2be6,vehicular,moving traffic violation,False,False,True,warning,False,False,False,False,True,False,True,plain view,moving traffic violation,False,high,74
1497492,2013-02-06_02:26:00,-26.06397900000001,27.988613300000026,32.11001009754568,34.0,tall,male,d6864f2be6,vehicular,vehicle equipment violation,False,False,True,warning,False,False,False,False,True,False,True,plain view,vehicle equipment violation,True,high,69
2274314,2013-06-14_03:36:00,-26.026936999999997,28.041016000000027,22.189253263872835,22.0,medium,male,d6864f2be6,vehicular,vehicle equipment violation,False,False,True,warning,False,False,False,True,True,True,True,consent,vehicle equipment violation,False,high,74
1594021,2015-03-17_21:39:00,-26.04631729999999,28.037684099999964,25.274995697742376,23.0,medium,female,d6864f2be6,vehicular,vehicle equipment violation,False,False,True,warning,False,False,False,False,True,False,True,plain view,vehicle equipment violation,False,high,75
2566736,2013-07-23_21:06:00,-26.050046000000002,28.038789400000027,28.4132348738937,45.0,tall,male,d6864f2be6,vehicular,vehicle equipment violation,False,False,True,warning,False,False,False,False,True,False,True,plain view,vehicle equipment violation,False,high,81
802648,2016-01-04_22:20:00,-26.11269029999999,28.03674070000001,42.74914390069329,43.0,tall,male,82f2e31c2b,vehicular,moving traffic violation,False,True,True,citation,False,False,False,False,True,False,True,plain view,moving traffic violation,False,high,59
2799321,2014-08-26_13:11:00,-26.109901299999997,28.036262900000025,19.414263982841064,22.0,medium,male,93ef5d6182,vehicular,moving traffic violation,True,False,True,arrest,True,True,False,True,True,True,True,probable cause,moving traffic violation,False,high,91
37932,2014-10-14_22:03:00,-26.063100899999995,28.019099800000006,34.65329308203694,21.0,medium,female,d6864f2be6,vehicular,vehicle equipment violation,False,False,True,warning,False,False,False,False,True,False,True,plain view,vehicle equipment violation,False,high,75
2282488,2014-06-15_14:01:00,-26.034020799999986,28.0390431,32.88582911997748,27.0,tall,male,2b7a7efb70,vehicular,moving traffic violation,False,True,True,citation,True,True,False,False,True,True,True,consent,moving traffic violation,False,high,107
1999683,2013-04-09_00:02:00,-26.0330876,28.030904500000005,22.306662823213887,40.0,tall,female,d6864f2be6,vehicular,vehicle equipment violation,False,False,True,warning,False,False,False,False,True,False,True,plain view,vehicle equipment violation,False,high,78
1066839,2017-11-14_10:50:00,-26.118558599999986,28.03550079999998,28.42634495402306,29.0,medium,female,93ef5d6182,vehicular,seatbelt violation,False,True,False,citation,True,True,False,True,True,True,True,probable cause,seatbelt violation,False,high,97
440491,2013-11-06_01:35:00,-26.062684999999995,27.983828300000027,24.098205779192735,39.0,tall,male,d6864f2be6,vehicular,vehicle equipment violation,False,False,True,warning,False,False,False,False,True,False,True,plain view,vehicle equipment violation,False,high,77
285494,2015-11-17_02:24:00,-26.046571199999995,28.023112700000027,19.028673262026015,48.0,tall,female,d6864f2be6,vehicular,vehicle equipment violation,False,False,True,warning,False,False,False,False,True,False,True,plain view,vehicle equipment violation,False,high,91
621839,2015-01-22_16:59:00,-26.00297179999999,28.006620400000003,35.37928494577343,28.0,medium,male,d6864f2be6,vehicular,moving traffic violation,False,False,True,warning,False,False,False,False,True,False,True,plain view,moving traffic violation,False,high,65
2628016,2015-07-03_17:37:00,-26.074201399999986,28.020412000000007,25.41873162541074,48.0,tall,male,2b7a7efb70,vehicular,vehicle equipment violation,True,False,True,arrest,False,False,False,False,True,True,False,other,vehicle equipment violation,False,high,74
357485,2015-11-25_21:56:00,-26.067389399999996,28.045632499999982,35.3139787076506,22.0,medium,female,d6864f2be6,vehicular,vehicle equipment violation,False,False,True,warning,False,False,False,False,True,False,True,plain view,vehicle equipment violation,False,high,74
303813,2014-01-01_14:00:00,-26.067762699999996,28.0177891,22.879444315228834,34.0,medium,male,2b7a7efb70,vehicular,seatbelt violation,False,True,True,citation,True,True,False,False,True,True,True,probable cause,seatbelt violation,False,high,85
666028,2013-12-31_00:49:00,-26.0811226,27.998583800000006,21.94589834220845,39.0,tall,female,d6864f2be6,vehicular,moving traffic violation,False,False,True,warning,False,False,False,False,True,False,True,plain view,moving traffic violation,False,high,80
2084720,2016-05-19_19:51:00,-26.066765299999986,28.031667900000002,27.55315292223515,25.0,tall,female,d6864f2be6,vehicular,vehicle equipment violation,False,False,True,warning,False,False,False,False,True,False,True,plain view,vehicle equipment violation,False,high,69
2730506,2015-08-17_19:11:00,-26.11269029999999,28.03674070000001,30.06495130689159,26.0,medium,male,82f2e31c2b,vehicular,moving traffic violation,False,False,True,warning,False,False,False,False,True,False,True,plain view,moving traffic violation,False,high,60
137884,2014-10-28_22:15:00,-26.064147299999995,28.018970400000043,19.066415532409504,65.0,medium,female,d6864f2be6,vehicular,vehicle equipment violation,False,False,True,warning,False,False,False,False,True,False,True,plain view,vehicle equipment violation,False,high,78
1800847,2016-04-12_20:11:00,-26.065781699999995,27.994919100000004,29.814060770851604,26.0,medium,female,d6864f2be6,vehicular,vehicle equipment violation,False,False,True,warning,False,False,False,False,True,False,True,plain view,vehicle equipment violation,False,high,84
2356947,2012-06-24_02:23:00,-26.067762699999996,28.0177891,38.026215014361675,34.0,tall,female,d6864f2be6,vehicular,moving traffic violation,False,False,True,warning,False,False,False,False,True,False,True,plain view,moving traffic violation,False,high,79
2811990,2013-08-28_23:57:00,-26.027842399999997,28.037275500000007,24.584443606223424,19.0,tall,male,d6864f2be6,vehicular,vehicle equipment violation,False,False,True,warning,False,False,False,False,True,False,True,plain view,vehicle equipment violation,False,high,81
2104955,2014-05-02_10:30:00,-26.006569999999996,28.027191000000002,30.36014624997812,39.0,tall,male,498350de5b,vehicular,moving traffic violation,False,True,False,citation,False,False,False,True,True,True,True,consent,moving traffic violation,False,high,73
2737085,2015-08-18_16:59:00,-26.11269029999999,28.03674070000001,21.56873547046373,52.0,tall,male,82f2e31c2b,vehicular,moving traffic violation,False,False,True,warning,False,False,False,False,True,False,True,plain view,moving traffic violation,False,high,59
2442034,2013-06-07_03:09:00,-26.065868099999996,28.00345199999998,24.87425155707822,61.0,medium,male,d6864f2be6,vehicular,vehicle equipment violation,False,False,True,warning,False,False,False,False,True,False,True,plain view,vehicle equipment violation,False,high,84
262119,2012-11-14_17:48:00,-26.11269029999999,28.03674070000001,22.740460689913125,23.0,tall,male,82f2e31c2b,vehicular,moving traffic violation,False,False,True,warning,False,False,False,False,True,False,True,plain view,moving traffic violation,False,high,55
254736,2012-11-13_16:47:00,-26.1251503,28.03692740000001,28.554683399684137,36.0,tall,female,82f2e31c2b,vehicular,moving traffic violation,False,False,True,warning,False,False,False,False,True,False,True,plain view,moving traffic violation,False,high,65
799510,2013-01-04_03:00:00,-26.065904299999985,28.005836400000007,30.29217445127601,25.0,short,female,d6864f2be6,vehicular,moving traffic violation,False,True,True,citation,False,False,False,False,True,False,True,plain view,moving traffic violation,False,high,75
1427269,2016-02-23_22:53:00,-26.0431562,28.024605000000008,24.944919003226815,21.0,medium,female,d6864f2be6,vehicular,vehicle equipment violation,False,False,True,warning,False,False,False,False,True,False,True,plain view,vehicle equipment violation,False,high,70
2311299,2013-06-19_15:49:00,-26.067762699999996,28.0177891,31.355544929305793,65.0,medium,female,d6864f2be6,vehicular,vehicle equipment violation,False,False,True,warning,False,False,False,False,True,False,True,plain view,vehicle equipment violation,False,high,82
1514034,2013-02-08_02:52:00,-26.06397900000001,27.988613300000026,40.52356478950229,57.0,medium,male,d6864f2be6,vehicular,vehicle equipment violation,False,False,True,warning,False,False,False,False,True,False,True,plain view,vehicle equipment violation,False,high,89
707713,2014-01-25_05:24:00,-26.192800999999996,27.789127000000008,22.312836751826648,33.0,tall,male,3ce33785e5,vehicular,moving traffic violation,False,True,True,citation,False,False,False,True,True,True,False,consent,moving traffic violation,True,medium,62
1896534,2010-04-24_01:13:00,-26.256664,27.80291299999999,24.689874952813845,21.0,medium,male,2b7a7efb70,vehicular,vehicle equipment violation,False,True,True,citation,False,False,False,False,True,True,False,consent,vehicle equipment violation,False,medium,79
69037,2011-10-19_01:25:00,-26.239868199999997,27.809158200000027,29.219962032453648,22.0,medium,male,2b7a7efb70,vehicular,moving traffic violation,True,False,True,arrest,False,False,False,False,True,True,False,other,moving traffic violation,False,medium,80
1337100,2013-02-12_00:17:00,-26.239973999999997,27.81234800000003,26.952897577489885,23.0,medium,male,3ce33785e5,vehicular,registration,False,False,True,warning,False,False,False,True,True,True,True,consent,registration,False,medium,80
667715,2015-12-31_01:54:00,-26.2536233,27.808805400000026,28.621669783043195,38.0,tall,male,3ce33785e5,vehicular,moving traffic violation,False,False,True,warning,False,False,False,True,True,True,True,consent,moving traffic violation,False,medium,60
2788206,2010-08-25_12:30:00,-26.251000499999996,27.77487459999999,21.452084598407318,31.0,tall,male,9d1e57a193,vehicular,moving traffic violation,False,False,True,warning,False,False,False,False,True,False,True,consent,moving traffic violation,False,medium,59
1394303,2011-02-20_00:10:00,-26.251000499999996,27.77487459999999,33.09664137759169,26.0,tall,male,6f0e6c9ea2,vehicular,vehicle equipment violation,False,True,False,citation,False,False,False,False,True,True,False,consent,vehicle equipment violation,False,medium,70
2928104,2011-09-15_04:22:00,-26.251000499999996,27.77487459999999,25.093501158450696,39.0,tall,female,82f2e31c2b,vehicular,vehicle equipment violation,False,False,True,warning,False,False,False,False,True,False,True,plain view,vehicle equipment violation,False,medium,61
231607,2010-11-01_13:34:00,-26.251000499999996,27.77487459999999,26.820470494000723,66.0,tall,male,01aa59bb70,vehicular,moving traffic violation,False,False,True,warning,False,False,False,False,True,False,True,consent,moving traffic violation,False,medium,67
785713,2015-01-31_01:34:00,-26.222119999999997,27.80765600000001,18.583304177540413,26.0,tall,female,6f0e6c9ea2,vehicular,moving traffic violation,True,False,False,arrest,False,False,False,True,True,True,True,other,moving traffic violation,False,medium,70
1345140,2013-02-13_03:10:00,-26.221328799999995,27.80521420000001,23.91193971998582,39.0,medium,male,3ce33785e5,vehicular,registration,False,True,True,citation,False,False,False,True,True,True,False,consent,registration,False,medium,75
668745,2010-12-03_11:15:00,-26.251000499999996,27.77487459999999,25.40944223254822,54.0,short,male,9d1e57a193,vehicular,moving traffic violation,False,False,True,warning,False,False,False,False,True,False,True,consent,moving traffic violation,False,medium,65
1130222,2018-02-15_19:12:00,-26.220285799999992,27.805602300000004,20.014622367782756,20.0,short,male,6f0e6c9ea2,vehicular,moving traffic violation,False,False,True,warning,False,False,False,True,True,True,True,consent,moving traffic violation,False,medium,73
796939,2011-01-04_09:45:00,-26.251000499999996,27.77487459999999,15.97456832417496,32.0,short,male,9d1e57a193,vehicular,vehicle equipment violation,False,False,True,warning,False,False,False,True,True,True,True,consent,vehicle equipment violation,False,medium,67
575676,2011-12-18_00:04:00,-26.602446399999998,27.769506700000008,29.725359858115347,19.0,tall,male,82f2e31c2b,vehicular,moving traffic violation,False,False,True,warning,False,False,False,False,True,False,True,plain view,moving traffic violation,False,medium,58
2061949,2010-05-17_13:00:00,-26.251000499999996,27.77487459999999,24.55269969312291,37.0,short,male,9d1e57a193,vehicular,moving traffic violation,False,False,True,warning,False,False,False,False,True,False,True,consent,moving traffic violation,False,medium,65
1579968,2010-03-16_15:50:00,-26.251000499999996,27.77487459999999,35.01932628372461,23.0,tall,male,9d1e57a193,vehicular,moving traffic violation,False,False,True,warning,False,False,False,False,True,False,True,consent,moving traffic violation,False,medium,63
2015701,2013-05-11_17:15:00,-26.2417206,27.84896080000003,9.894341344324829,55.0,tall,male,82f2e31c2b,vehicular,moving traffic violation,False,False,True,warning,False,False,False,False,True,False,True,plain view,moving traffic violation,False,medium,65
1981206,2010-04-07_09:35:00,-26.251000499999996,27.77487459999999,13.394948539738085,35.0,tall,male,9d1e57a193,vehicular,moving traffic violation,False,False,True,warning,False,False,False,False,True,False,True,consent,moving traffic violation,False,medium,71
510940,2011-12-11_01:34:00,-26.25475,27.809461200000044,35.3944338846937,18.0,tall,male,2b7a7efb70,vehicular,moving traffic violation,False,True,True,citation,False,False,False,False,True,True,True,consent,moving traffic violation,False,medium,91
1857647,2011-04-20_08:54:00,-26.222119999999997,27.80765600000001,33.22511187230911,44.0,tall,male,6f0e6c9ea2,vehicular,seatbelt violation,False,True,False,citation,False,False,False,True,True,False,True,consent,seatbelt violation,False,medium,81
1984079,2013-04-07_03:43:00,-26.256198399999995,27.796681100000043,21.076876076791446,45.0,tall,male,3ce33785e5,vehicular,moving traffic violation,False,False,True,warning,False,False,False,True,True,True,True,consent,moving traffic violation,False,medium,77
1284969,2018-11-06_21:13:00,-26.220285799999992,27.805602300000004,35.173471424453204,17.0,short,male,6f0e6c9ea2,vehicular,moving traffic violation,True,False,False,arrest,False,False,False,False,True,True,True,other,moving traffic violation,False,medium,65
2001302,2014-04-09_02:24:00,-26.230218099999995,27.80849519999998,27.431176885676358,37.0,tall,male,3ce33785e5,vehicular,registration,False,False,True,warning,False,False,False,True,True,True,True,consent,registration,False,medium,74
1962416,2014-04-04_04:47:00,-26.2233133,27.787349300000002,32.11375456196069,18.0,tall,,3ce33785e5,vehicular,vehicle equipment violation,False,True,True,citation,True,True,False,True,True,True,True,consent,vehicle equipment violation,False,medium,94
2040813,2010-05-14_00:20:00,-26.225733999999996,27.80037209999999,28.27481302983645,29.0,tall,male,2b7a7efb70,vehicular,moving traffic violation,False,True,True,citation,True,True,False,False,True,True,True,consent,moving traffic violation,False,medium,97
2144659,2011-05-27_14:10:00,-26.251000499999996,27.77487459999999,20.195211295304993,24.0,short,male,9d1e57a193,vehicular,moving traffic violation,False,False,True,warning,False,False,False,True,True,True,True,consent,moving traffic violation,True,medium,56
2926778,2010-09-15_13:56:00,-26.251000499999996,27.77487459999999,26.918266560097063,32.0,short,male,01aa59bb70,vehicular,moving traffic violation,True,False,False,arrest,True,True,False,False,True,True,True,consent,moving traffic violation,False,medium,105
2001058,2014-04-09_00:18:00,-26.2560761,27.803746800000027,12.433603410278028,18.0,tall,male,3ce33785e5,vehicular,registration,False,True,True,citation,True,True,False,True,True,True,True,consent,registration,False,medium,101
730011,2011-01-27_16:03:00,-26.251000499999996,27.77487459999999,22.725147876363284,31.0,short,male,01aa59bb70,vehicular,moving traffic violation,False,False,True,warning,False,False,False,False,True,True,True,consent,moving traffic violation,False,medium,74
1864509,2011-04-21_14:50:00,-26.251000499999996,27.77487459999999,39.826662465063535,23.0,medium,male,9d1e57a193,vehicular,moving traffic violation,False,False,True,warning,False,False,False,True,True,True,True,consent,moving traffic violation,False,medium,68
2045503,2014-05-14_16:24:00,-26.602446399999998,27.769506700000008,15.546496020056253,29.0,medium,male,498350de5b,vehicular,moving traffic violation,True,True,False,arrest,False,False,False,True,True,True,True,other,moving traffic violation,False,medium,65
1525356,2010-03-10_15:25:00,-26.251000499999996,27.77487459999999,26.060069970635467,46.0,tall,male,9d1e57a193,vehicular,,False,False,True,warning,True,True,False,True,True,True,True,consent,,False,medium,108
2989744,2010-09-23_02:42:00,-26.222119999999997,27.80765600000001,26.081750789656247,18.0,tall,male,93ef5d6182,vehicular,investigative stop,False,False,True,warning,False,False,False,True,True,True,True,consent,investigative stop,False,medium,68
112352,2014-10-24_05:26:00,-26.602446399999998,27.769506700000008,14.858552472990908,57.0,tall,male,82f2e31c2b,vehicular,moving traffic violation,False,False,True,warning,False,False,False,False,True,False,True,plain view,moving traffic violation,False,medium,62
313521,2012-11-21_22:35:00,-26.251000499999996,27.77487459999999,29.603989357539938,20.0,medium,male,82f2e31c2b,vehicular,moving traffic violation,False,False,True,warning,False,False,False,False,True,False,True,plain view,moving traffic violation,False,medium,61
518297,2010-12-01_14:30:00,-26.251000499999996,27.77487459999999,33.35593783037313,26.0,short,male,01aa59bb70,vehicular,moving traffic violation,False,False,True,warning,False,False,False,False,True,True,True,consent,moving traffic violation,False,medium,61
2668132,2015-07-09_12:06:00,-26.602446399999998,27.769506700000008,27.273418104447945,68.0,medium,male,498350de5b,vehicular,moving traffic violation,True,True,False,arrest,False,False,False,True,True,True,False,other,moving traffic violation,False,medium,77
2343959,2014-06-22_22:32:00,-26.251000499999996,27.77487459999999,30.646294341659516,29.0,tall,male,82f2e31c2b,vehicular,vehicle equipment violation,False,False,True,warning,False,False,False,False,True,False,True,plain view,vehicle equipment violation,False,medium,59
209322,2010-01-10_02:05:00,-26.222119999999997,27.80765600000001,32.59725962874312,22.0,tall,male,6f0e6c9ea2,vehicular,moving traffic violation,True,False,False,arrest,False,False,False,True,True,True,False,other,moving traffic violation,False,medium,76
238912,2013-01-11_23:37:00,-26.251000499999996,27.77487459999999,26.24312571832179,21.0,medium,female,82f2e31c2b,vehicular,moving traffic violation,False,False,True,warning,False,False,False,False,True,False,True,plain view,moving traffic violation,False,medium,52
760227,2010-12-09_09:30:00,-26.251000499999996,27.77487459999999,33.01925164425641,47.0,short,male,9d1e57a193,vehicular,moving traffic violation,False,False,True,warning,False,False,False,False,True,False,True,consent,moving traffic violation,False,medium,57
2534753,2016-07-19_20:01:00,-26.222119999999997,27.80765600000001,28.867819181425453,34.0,tall,male,b3d18aa8ec,vehicular,moving traffic violation,True,False,False,arrest,False,False,False,True,True,True,True,consent,moving traffic violation,False,medium,68
1443698,2010-02-26_10:00:00,-26.251000499999996,27.77487459999999,17.738754694827474,31.0,short,male,9d1e57a193,vehicular,moving traffic violation,False,False,True,warning,False,False,False,False,True,False,True,consent,moving traffic violation,False,medium,64
1334378,2010-02-12_11:55:00,-26.251000499999996,27.77487459999999,29.65134960143962,44.0,short,male,9d1e57a193,vehicular,vehicle equipment violation,True,False,True,arrest,True,True,False,True,True,True,True,consent,vehicle equipment violation,False,medium,108
2262943,2011-06-13_14:42:00,-26.251000499999996,27.77487459999999,22.873670042312114,37.0,short,female,01aa59bb70,vehicular,moving traffic violation,False,False,True,warning,False,False,False,False,True,False,True,consent,moving traffic violation,False,medium,59
1809140,2010-04-14_10:18:00,-26.251000499999996,27.77487459999999,35.311294778270046,30.0,tall,male,01aa59bb70,vehicular,moving traffic violation,False,False,True,warning,True,True,False,False,True,True,True,probable cause,moving traffic violation,False,medium,95
1892010,2013-04-23_04:38:00,-26.2287077,27.805112500000007,24.41777887797842,28.0,medium,male,3ce33785e5,vehicular,registration,False,True,True,citation,False,False,False,True,True,True,True,consent,registration,False,medium,67
2400160,2011-06-30_12:23:00,-26.222119999999997,27.80765600000001,22.647029971525168,25.0,tall,female,6f0e6c9ea2,vehicular,moving traffic violation,False,False,True,warning,False,False,False,True,True,False,True,consent,moving traffic violation,False,medium,66
2561015,2015-07-22_04:47:00,-26.602446399999998,27.769506700000008,26.398451058860307,63.0,short,female,82f2e31c2b,vehicular,moving traffic violation,False,False,True,warning,False,False,False,False,True,False,True,plain view,moving traffic violation,False,medium,68
418639,2016-01-14_05:18:00,-26.271142399999995,27.809459500000003,23.046046474387374,25.0,tall,male,3ce33785e5,vehicular,moving traffic violation,True,False,True,arrest,False,False,False,True,True,True,True,consent,moving traffic violation,False,medium,78
340851,2010-11-23_11:39:00,-26.251000499999996,27.77487459999999,24.64267719506143,38.0,short,male,9d1e57a193,vehicular,moving traffic violation,False,False,True,warning,False,False,False,False,True,False,True,consent,moving traffic violation,False,medium,64
2970184,2011-09-21_00:01:00,-26.602446399999998,27.769506700000008,21.003861676126057,25.0,medium,male,6f0e6c9ea2,vehicular,moving traffic violation,True,False,False,arrest,True,True,False,True,True,True,True,probable cause,moving traffic violation,False,medium,86
295296,2010-11-19_09:52:00,-26.251000499999996,27.77487459999999,22.221078558616362,43.0,medium,male,9d1e57a193,vehicular,moving traffic violation,False,False,True,warning,False,False,False,True,True,True,True,consent,moving traffic violation,False,medium,61
2497203,2012-07-14_22:51:00,-26.251000499999996,27.77487459999999,28.810351046132418,27.0,tall,female,82f2e31c2b,vehicular,vehicle equipment violation,False,False,True,warning,False,False,False,False,True,False,True,plain view,vehicle equipment violation,False,medium,56
596570,2011-12-20_10:32:00,-26.251000499999996,27.77487459999999,25.379952178525222,30.0,tall,male,01aa59bb70,vehicular,moving traffic violation,False,False,True,warning,False,False,False,True,True,False,True,consent,moving traffic violation,False,medium,69
128091,2010-10-27_13:47:00,-26.251000499999996,27.77487459999999,25.402177915718514,33.0,short,male,01aa59bb70,vehicular,moving traffic violation,False,False,True,warning,False,False,False,False,True,True,True,consent,moving traffic violation,False,medium,69
2824044,2010-08-30_09:30:00,-26.251000499999996,27.77487459999999,24.39753944828899,18.0,short,male,9d1e57a193,vehicular,vehicle equipment violation,False,False,True,warning,False,False,False,False,True,False,True,consent,vehicle equipment violation,False,medium,68
386465,2010-11-03_13:10:00,-26.251000499999996,27.77487459999999,26.281989480669505,26.0,short,male,9d1e57a193,vehicular,vehicle equipment violation,False,False,True,warning,False,False,False,True,True,True,True,consent,vehicle equipment violation,False,medium,71
434773,2010-01-16_00:29:00,-26.2555441,27.809051600000004,27.22430795741664,31.0,tall,female,2b7a7efb70,vehicular,moving traffic violation,False,False,True,warning,False,False,False,False,True,False,True,consent,moving traffic violation,False,medium,76
1556186,2015-03-12_21:39:00,-26.210069599999997,27.811517100000003,20.958471000616647,34.0,tall,male,3ce33785e5,vehicular,vehicle equipment violation,False,False,True,warning,False,False,False,True,True,False,True,consent,vehicle equipment violation,False,medium,82
1933205,2010-04-29_10:20:00,-26.251000499999996,27.77487459999999,41.780247366810244,29.0,short,male,9d1e57a193,vehicular,moving traffic violation,False,False,True,warning,False,False,False,True,True,True,True,consent,moving traffic violation,False,medium,63
1891355,2013-04-23_23:52:00,-26.26767929999999,27.78726259999999,20.88875127698119,39.0,tall,male,3ce33785e5,vehicular,registration,False,False,True,warning,False,False,False,True,True,True,True,consent,registration,False,medium,73
2431490,2011-06-06_14:42:00,-26.251000499999996,27.77487459999999,20.56581630337981,31.0,tall,male,01aa59bb70,vehicular,moving traffic violation,False,False,True,warning,False,False,False,True,True,False,True,consent,moving traffic violation,False,medium,64
1887474,2016-04-22_04:27:00,-26.230218099999995,27.80849519999998,35.39769386320789,31.0,medium,male,3ce33785e5,vehicular,moving traffic violation,False,True,True,citation,True,True,False,True,True,True,True,consent,moving traffic violation,False,medium,89
2300642,2010-06-18_15:26:00,-26.251000499999996,27.77487459999999,25.51011539579693,27.0,medium,male,01aa59bb70,vehicular,moving traffic violation,False,False,True,warning,True,True,False,False,True,True,True,consent,moving traffic violation,False,medium,95
449094,2016-01-16_19:49:00,-26.2417206,27.84896080000003,33.75257069251282,34.0,tall,female,82f2e31c2b,vehicular,moving traffic violation,False,False,True,warning,False,False,False,False,True,False,True,plain view,moving traffic violation,True,medium,59
3046301,2012-09-03_23:10:00,-26.2504738,27.77637790000003,19.895616157941006,27.0,medium,male,6f0e6c9ea2,vehicular,vehicle equipment violation,True,False,False,arrest,False,False,False,False,True,True,True,other,vehicle equipment violation,False,medium,65
1325044,2015-02-11_05:20:00,-26.251000499999996,27.77487459999999,18.555936287322844,34.0,tall,male,82f2e31c2b,vehicular,moving traffic violation,False,False,True,warning,False,False,False,False,True,False,True,plain view,moving traffic violation,False,medium,49
600091,2014-12-20_23:56:00,-26.230218099999995,27.80849519999998,26.52923975360571,37.0,tall,male,3ce33785e5,vehicular,moving traffic violation,True,True,True,arrest,False,False,False,True,True,True,True,consent,moving traffic violation,False,medium,67
20709,2010-10-12_11:00:00,-26.251000499999996,27.77487459999999,34.19937812501145,51.0,tall,male,9d1e57a193,vehicular,moving traffic violation,False,False,True,warning,False,False,False,False,True,False,True,consent,moving traffic violation,False,medium,65
260434,2011-11-14_15:14:00,-26.251000499999996,27.77487459999999,27.59698963595293,42.0,short,male,01aa59bb70,vehicular,moving traffic violation,False,False,True,warning,False,False,False,True,True,False,True,consent,moving traffic violation,False,medium,76
1612531,2011-03-20_21:11:00,-26.25543189999999,27.80688570000001,25.897687085047295,21.0,medium,male,2b7a7efb70,vehicular,vehicle equipment violation,False,False,True,warning,False,False,False,False,True,True,True,consent,vehicle equipment violation,False,medium,77
225294,2011-11-11_03:40:00,-26.252990699999998,27.816627700000026,22.946430303801236,23.0,medium,male,2b7a7efb70,vehicular,vehicle equipment violation,True,False,True,arrest,False,False,False,False,True,True,False,other,vehicle equipment violation,False,medium,93
1516067,2015-02-08_02:06:00,-26.230218099999995,27.80849519999998,18.7199162006902,52.0,tall,female,3ce33785e5,vehicular,vehicle equipment violation,False,False,True,warning,False,False,False,False,True,False,True,other,vehicle equipment violation,False,medium,57
621452,2015-01-22_03:28:00,-26.2555441,27.809051600000004,19.294241210608273,26.0,medium,male,3ce33785e5,vehicular,moving traffic violation,False,False,True,warning,False,False,False,True,True,True,True,consent,moving traffic violation,False,medium,74
2248468,2011-06-01_15:25:00,-26.251000499999996,27.77487459999999,23.560000451628245,24.0,tall,male,9d1e57a193,vehicular,moving traffic violation,False,False,True,warning,False,False,False,False,True,False,True,consent,moving traffic violation,False,medium,61
743954,2010-01-28_01:41:00,-26.2555441,27.809051600000004,29.57181813928642,23.0,medium,male,2b7a7efb70,vehicular,moving traffic violation,False,False,True,warning,False,False,False,False,True,True,True,consent,moving traffic violation,False,medium,91
82011,2011-10-21_11:02:00,-26.251000499999996,27.77487459999999,36.88070855029722,37.0,short,male,01aa59bb70,vehicular,moving traffic violation,False,False,True,warning,False,False,False,True,True,False,True,consent,moving traffic violation,False,medium,61
1786340,2011-04-01_13:50:00,-26.251000499999996,27.77487459999999,31.44434137531535,26.0,medium,male,9d1e57a193,vehicular,moving traffic violation,False,False,True,warning,False,False,False,True,True,True,True,consent,moving traffic violation,False,medium,72
1995515,2016-04-08_01:33:00,-26.2213766,27.808066299999965,17.356853819618124,24.0,medium,female,3ce33785e5,vehicular,moving traffic violation,False,True,True,citation,True,True,False,True,True,True,True,probable cause,moving traffic violation,True,medium,86
2260972,2015-06-12_03:18:00,-26.210069599999997,27.811517100000003,30.247296186985363,19.0,medium,male,3ce33785e5,vehicular,,False,True,True,citation,False,False,False,True,True,True,True,consent,,False,medium,75
2195965,2012-05-05_20:09:00,-26.251170199999997,27.844785900000005,34.87631945432692,72.0,tall,male,82f2e31c2b,vehicular,vehicle equipment violation,False,False,True,warning,False,False,False,False,True,False,True,plain view,vehicle equipment violation,False,medium,52
2015811,2013-05-11_18:55:00,-26.2417206,27.84896080000003,25.4009078621612,63.0,tall,male,82f2e31c2b,vehicular,moving traffic violation,False,False,True,warning,False,False,False,False,True,False,True,plain view,moving traffic violation,True,medium,60
422447,2011-01-15_01:26:00,-26.2488501,27.78795390000002,26.275826696096562,47.0,tall,male,2b7a7efb70,vehicular,moving traffic violation,False,True,False,citation,True,True,False,False,True,True,True,consent,moving traffic violation,False,medium,110
2417640,2012-06-04_04:58:00,-26.222119999999997,27.80765600000001,32.3964199806422,27.0,medium,male,3ce33785e5,vehicular,vehicle equipment violation,False,True,True,citation,False,False,False,True,True,True,True,consent,vehicle equipment violation,False,medium,79
1674553,2010-03-27_22:10:00,-27.130115699999998,27.70056440000002,28.551489207011098,37.0,medium,male,01aa59bb70,vehicular,moving traffic violation,True,False,False,arrest,False,False,False,False,True,True,False,other,moving traffic violation,False,medium,65
2254318,2016-06-01_19:58:00,-26.222119999999997,27.80765600000001,19.01619882786239,17.0,tall,male,b3d18aa8ec,vehicular,vehicle equipment violation,False,False,True,warning,False,False,False,False,True,False,True,plain view,vehicle equipment violation,False,medium,57
2312928,2014-06-19_05:16:00,-26.602446399999998,27.769506700000008,13.282571161092427,46.0,medium,male,82f2e31c2b,vehicular,moving traffic violation,False,False,True,warning,False,False,False,False,True,False,True,plain view,moving traffic violation,False,medium,60
2015857,2013-05-11_19:29:00,-26.2417206,27.84896080000003,19.893200770500066,60.0,tall,female,82f2e31c2b,vehicular,moving traffic violation,False,False,True,warning,False,False,False,False,True,False,True,plain view,moving traffic violation,True,medium,67
341950,2011-11-23_02:00:00,-26.213982,27.797774000000004,23.566030854579783,22.0,tall,male,2b7a7efb70,vehicular,investigative stop,False,True,True,citation,True,True,False,False,True,True,True,probable cause,investigative stop,False,medium,111
2746762,2010-08-20_21:45:00,-26.251000499999996,27.77487459999999,18.365995613659845,55.0,tall,male,9d1e57a193,vehicular,moving traffic violation,False,False,True,warning,False,False,False,False,True,False,True,consent,moving traffic violation,False,medium,74
1116726,2018-01-30_14:51:00,-26.250734499999986,27.778447400000005,24.606034178765565,26.0,tall,male,3ce33785e5,vehicular,moving traffic violation,False,False,True,warning,False,False,False,True,True,True,True,consent,moving traffic violation,False,medium,70
1469966,2010-02-03_15:44:00,-26.251000499999996,27.77487459999999,38.38527187297338,52.0,short,male,9d1e57a193,vehicular,moving traffic violation,False,False,True,warning,False,False,False,True,True,True,True,probable cause,moving traffic violation,False,medium,66
755888,2015-12-08_05:54:00,-26.602446399999998,27.769506700000008,34.30308872510172,40.0,tall,male,82f2e31c2b,vehicular,moving traffic violation,False,False,True,warning,False,False,False,False,True,False,True,plain view,moving traffic violation,False,medium,58
2385509,2011-06-28_22:33:00,-26.257689999999997,27.78851300000001,16.789218083841252,22.0,tall,male,2b7a7efb70,vehicular,moving traffic violation,False,True,True,citation,True,True,False,False,True,True,True,probable cause,moving traffic violation,False,medium,117
2795403,2010-08-26_13:26:00,-26.251000499999996,27.77487459999999,41.475766795397945,23.0,tall,male,01aa59bb70,vehicular,moving traffic violation,False,False,True,warning,False,False,False,False,True,True,True,consent,moving traffic violation,False,medium,65
2823584,2010-08-30_13:50:00,-26.251000499999996,27.77487459999999,35.645942722904486,51.0,tall,male,9d1e57a193,vehicular,moving traffic violation,False,False,True,warning,False,False,False,False,True,False,True,consent,moving traffic violation,False,medium,67
273905,2010-11-16_13:38:00,-26.222119999999997,27.80765600000001,21.89367562391063,20.0,tall,female,6f0e6c9ea2,vehicular,vehicle equipment violation,False,True,False,citation,True,True,False,False,True,False,True,consent,vehicle equipment violation,False,medium,106
1466729,2016-02-28_03:10:00,-26.253737599999987,27.786938700000007,34.25293015721028,22.0,tall,male,3ce33785e5,vehicular,moving traffic violation,False,True,True,citation,True,False,False,True,True,True,True,plain view,moving traffic violation,False,medium,69
1860616,2015-04-20_11:14:00,-26.251000499999996,27.77487459999999,36.5481849431904,22.0,medium,female,498350de5b,vehicular,moving traffic violation,True,True,False,arrest,False,False,False,True,True,True,False,other,moving traffic violation,False,medium,64
358869,2011-11-26_04:23:00,-26.2176294,27.800448700000018,21.65945554849526,18.0,tall,female,2b7a7efb70,vehicular,moving traffic violation,False,True,True,citation,True,True,False,False,True,True,True,consent,moving traffic violation,False,medium,112
2218836,2013-05-08_02:27:00,-26.244783700000006,27.80934680000003,16.891907501269408,26.0,medium,male,3ce33785e5,vehicular,investigative stop,False,False,True,warning,False,False,False,True,True,True,False,consent,investigative stop,False,medium,69
721619,2014-01-26_03:09:00,-26.251000499999996,27.77487459999999,17.44706078445842,25.0,medium,male,3ce33785e5,vehicular,registration,False,False,True,warning,False,False,False,True,True,True,True,consent,registration,False,medium,75
2173747,2011-05-31_14:40:00,-26.251000499999996,27.77487459999999,27.86498887663344,24.0,tall,female,9d1e57a193,vehicular,moving traffic violation,False,False,True,warning,False,False,False,False,True,False,True,consent,moving traffic violation,True,medium,62
1760017,2016-03-08_00:34:00,-26.2559648,27.794692000000026,39.19072227958359,23.0,medium,female,3ce33785e5,vehicular,moving traffic violation,False,True,True,citation,True,True,False,True,True,True,True,plain view,moving traffic violation,False,medium,87
772253,2016-01-29_03:53:00,-26.2555441,27.809051600000004,32.32432625655753,33.0,tall,male,3ce33785e5,vehicular,registration,False,False,True,warning,False,False,False,True,True,True,True,consent,registration,False,medium,67
2014709,2012-05-11_19:12:00,-26.602446399999998,27.769506700000008,30.57876279520004,27.0,tall,female,6f0e6c9ea2,vehicular,moving traffic violation,True,False,False,arrest,True,False,False,True,True,True,True,other,moving traffic violation,False,medium,70
52648,2015-10-16_01:00:00,-26.250739399999986,27.810282900000004,34.87169143831495,37.0,tall,male,3ce33785e5,vehicular,moving traffic violation,False,True,True,citation,False,False,False,True,True,True,True,consent,moving traffic violation,True,medium,67
2331155,2010-06-02_13:40:00,-26.251000499999996,27.77487459999999,13.69483804227221,47.0,tall,male,9d1e57a193,vehicular,vehicle equipment violation,False,False,True,warning,False,False,False,False,True,False,True,consent,vehicle equipment violation,False,medium,74
728680,2011-01-27_10:00:00,-26.251000499999996,27.77487459999999,23.50292864143478,26.0,tall,male,9d1e57a193,vehicular,moving traffic violation,False,False,True,warning,False,False,False,False,True,False,True,consent,moving traffic violation,False,medium,67
2853162,2012-08-05_03:24:00,-26.251000499999996,27.77487459999999,29.125237037990612,25.0,medium,male,82f2e31c2b,vehicular,moving traffic violation,False,False,True,warning,False,False,False,False,True,False,True,plain view,moving traffic violation,False,medium,56
2481949,2011-07-12_11:50:00,-26.251000499999996,27.77487459999999,29.523585538774583,30.0,short,male,9d1e57a193,vehicular,moving traffic violation,False,False,True,warning,False,False,False,False,True,False,True,consent,moving traffic violation,False,medium,65
142488,2011-10-29_00:13:00,-26.2504738,27.77637790000003,44.11937810939233,29.0,tall,male,2b7a7efb70,vehicular,vehicle equipment violation,True,False,True,arrest,False,False,False,False,True,True,True,consent,vehicle equipment violation,True,medium,87
2073087,2012-05-18_19:29:00,-26.602446399999998,27.769506700000008,30.859394125060717,28.0,tall,male,82f2e31c2b,vehicular,moving traffic violation,False,False,True,warning,False,False,False,False,True,False,True,plain view,moving traffic violation,True,medium,57
2085378,2010-05-20_14:49:00,-26.251000499999996,27.77487459999999,32.84920905437618,44.0,medium,male,01aa59bb70,vehicular,moving traffic violation,False,False,True,warning,False,False,False,False,True,False,True,consent,moving traffic violation,False,medium,59
403111,2010-01-14_01:12:00,-26.272575599999996,27.783943000000008,27.744635482365563,23.0,medium,male,2b7a7efb70,vehicular,moving traffic violation,False,False,True,warning,False,False,False,False,True,True,True,consent,moving traffic violation,False,medium,85
599942,2014-12-20_22:21:00,-26.22356779999999,27.807765500000002,27.925046239829058,20.0,medium,male,3ce33785e5,vehicular,moving traffic violation,False,True,True,citation,True,True,False,True,True,True,True,consent,moving traffic violation,False,medium,101
2775093,2011-08-23_10:30:00,-26.251000499999996,27.77487459999999,12.699543305678446,33.0,tall,male,9d1e57a193,vehicular,moving traffic violation,False,False,True,warning,False,False,False,False,True,False,True,consent,moving traffic violation,False,medium,69
2890495,2015-09-10_00:46:00,-26.175962,27.779312500000003,32.96776801425025,23.0,tall,male,3ce33785e5,vehicular,investigative stop,True,False,False,arrest,False,False,False,True,True,True,False,other,investigative stop,False,medium,70
1583399,2013-03-16_03:05:00,-26.251000499999996,27.77487459999999,24.602569120007352,26.0,tall,male,82f2e31c2b,vehicular,moving traffic violation,True,False,False,arrest,False,False,False,True,True,True,True,plain view,moving traffic violation,False,medium,59
829629,2016-01-07_10:43:00,-26.251000499999996,27.77487459999999,28.215057141738164,44.0,medium,female,498350de5b,vehicular,moving traffic violation,False,True,False,citation,False,False,False,False,True,False,True,other,moving traffic violation,False,medium,73
1569806,2015-03-14_23:01:00,-26.216358399999997,27.80228670000001,23.92966420238595,34.0,tall,male,3ce33785e5,vehicular,vehicle equipment violation,False,True,True,citation,False,False,False,True,True,True,False,consent,vehicle equipment violation,False,medium,71
2414436,2016-06-03_15:42:00,-26.222119999999997,27.80765600000001,40.2225815569609,30.0,tall,female,b3d18aa8ec,vehicular,vehicle equipment violation,False,False,True,warning,False,False,False,False,True,False,True,plain view,vehicle equipment violation,False,medium,71
2286154,2011-06-16_11:16:00,-26.251000499999996,27.77487459999999,17.845957018904603,22.0,short,male,01aa59bb70,vehicular,moving traffic violation,False,False,True,warning,False,False,False,False,True,True,True,consent,moving traffic violation,False,medium,59
647651,2011-12-28_13:40:00,-26.251000499999996,27.77487459999999,28.714587533266773,33.0,tall,male,01aa59bb70,vehicular,moving traffic violation,False,False,True,warning,False,False,False,False,True,False,True,consent,moving traffic violation,False,medium,68
568282,2010-12-17_02:52:00,-26.251000499999996,27.77487459999999,30.241504160641576,22.0,medium,female,82f2e31c2b,vehicular,moving traffic violation,False,False,True,warning,False,False,False,False,True,False,True,plain view,moving traffic violation,False,medium,59
1595328,2010-03-18_10:45:00,-26.251000499999996,27.77487459999999,26.247739369000335,40.0,short,male,9d1e57a193,vehicular,moving traffic violation,False,False,True,warning,False,False,False,False,True,False,True,consent,moving traffic violation,False,medium,70
1775,2011-10-10_09:19:00,-26.251000499999996,27.77487459999999,24.028927054769234,20.0,tall,female,01aa59bb70,vehicular,moving traffic violation,False,False,True,warning,False,False,False,False,True,True,True,consent,moving traffic violation,False,medium,63
61730,2010-10-18_09:30:00,-27.13000689999999,27.69946410000003,46.3544736586712,30.0,tall,male,9d1e57a193,vehicular,moving traffic violation,False,False,True,warning,False,False,False,False,True,False,True,consent,moving traffic violation,False,medium,61
2904601,2016-09-01_23:21:00,-26.222119999999997,27.80765600000001,42.373406132980456,34.0,tall,male,6f0e6c9ea2,vehicular,moving traffic violation,True,False,False,arrest,False,False,False,True,True,True,True,other,moving traffic violation,False,medium,79
2285051,2010-06-16_13:15:00,-26.251000499999996,27.77487459999999,22.90521559539067,35.0,tall,female,9d1e57a193,vehicular,moving traffic violation,False,False,True,warning,False,False,False,False,True,False,True,consent,moving traffic violation,False,medium,63
2890760,2015-09-10_04:01:00,-26.261230599999998,27.79718819999998,21.78786446628178,27.0,tall,male,3ce33785e5,vehicular,vehicle equipment violation,False,True,True,citation,True,True,False,True,True,True,True,consent,vehicle equipment violation,False,medium,96
2451875,2016-06-08_02:11:00,-26.222119999999997,27.80765600000001,20.44173111808936,30.0,medium,male,6f0e6c9ea2,vehicular,moving traffic violation,False,True,False,citation,False,False,False,True,True,False,False,consent,moving traffic violation,False,medium,81
2381881,2014-06-27_01:31:00,-26.2325655,27.805140499999965,34.69947975590342,27.0,tall,male,3ce33785e5,vehicular,vehicle equipment violation,False,False,True,warning,False,False,False,True,True,True,True,consent,vehicle equipment violation,False,medium,70
1561438,2014-03-13_02:44:00,-26.2179991,27.808786000000026,31.446095440982308,27.0,medium,male,3ce33785e5,vehicular,moving traffic violation,False,True,True,citation,True,True,False,True,True,True,True,consent,moving traffic violation,False,medium,95
41329,2010-10-15_12:33:00,-26.251000499999996,27.77487459999999,24.13406620170118,40.0,short,male,01aa59bb70,vehicular,moving traffic violation,False,False,True,warning,False,False,False,False,True,True,True,consent,moving traffic violation,False,medium,67
722052,2014-01-26_06:23:00,-26.25475,27.809461200000044,29.608171564817624,24.0,medium,male,3ce33785e5,vehicular,seatbelt violation,True,False,True,arrest,False,False,False,True,True,True,True,other,seatbelt violation,False,medium,75
234217,2011-01-11_15:20:00,-26.251000499999996,27.77487459999999,24.25714455669824,35.0,tall,male,01aa59bb70,vehicular,moving traffic violation,False,False,True,warning,False,False,False,False,True,False,True,consent,moving traffic violation,False,medium,61
1311631,2010-02-10_13:00:00,-26.251000499999996,27.77487459999999,21.231009330353004,34.0,medium,male,9d1e57a193,vehicular,vehicle equipment violation,False,False,True,warning,False,False,False,True,True,True,True,probable cause,vehicle equipment violation,False,medium,61
787553,2011-01-03_16:17:00,-26.251000499999996,27.77487459999999,47.592398796957724,24.0,medium,male,01aa59bb70,vehicular,moving traffic violation,False,False,True,warning,False,False,False,False,True,True,True,consent,moving traffic violation,False,medium,64
2277092,2016-06-14_16:34:00,-26.222119999999997,27.80765600000001,24.594118195962086,24.0,medium,male,b3d18aa8ec,vehicular,moving traffic violation,False,False,True,warning,False,False,False,False,True,False,True,plain view,moving traffic violation,False,medium,61
1604167,2010-03-19_06:36:00,-26.213536999999995,27.810114000000027,24.87101983110629,28.0,short,male,2b7a7efb70,vehicular,moving traffic violation,False,True,False,citation,False,False,False,False,True,True,False,other,moving traffic violation,False,medium,76
2015729,2013-05-11_17:37:00,-26.2417206,27.84896080000003,16.87582145296318,60.0,tall,male,82f2e31c2b,vehicular,moving traffic violation,False,False,True,warning,False,False,False,False,True,False,True,plain view,moving traffic violation,False,medium,59
955473,2017-05-30_10:11:00,-26.249644499999995,27.77478090000001,33.414642271731395,24.0,medium,female,9d1e57a193,vehicular,moving traffic violation,False,False,True,warning,True,True,False,True,True,False,True,plain view,moving traffic violation,False,medium,98
659100,2010-12-30_09:05:00,-26.251000499999996,27.77487459999999,16.898431467878353,33.0,short,male,9d1e57a193,vehicular,vehicle equipment violation,False,False,True,warning,False,False,False,True,True,True,True,consent,vehicle equipment violation,False,medium,61
1460243,2011-02-28_13:19:00,-26.251000499999996,27.77487459999999,21.862608683803234,55.0,tall,male,01aa59bb70,vehicular,moving traffic violation,False,False,True,warning,False,False,False,False,True,False,True,consent,moving traffic violation,False,medium,66
2800812,2015-08-26_02:03:00,-26.2325655,27.805140499999965,23.49260998737389,24.0,medium,male,3ce33785e5,vehicular,vehicle equipment violation,False,True,True,citation,False,False,False,True,True,True,True,consent,vehicle equipment violation,False,medium,73
510947,2011-12-11_01:43:00,-26.2176294,27.800448700000018,22.652063516939894,16.0,tall,male,2b7a7efb70,vehicular,moving traffic violation,False,False,True,warning,False,False,False,False,True,True,False,consent,moving traffic violation,False,medium,83
1516084,2015-02-08_02:21:00,-26.255851899999996,27.807656300000005,12.789132844621918,21.0,short,male,3ce33785e5,vehicular,moving traffic violation,False,True,True,citation,True,False,False,True,True,True,True,consent,moving traffic violation,False,medium,73
1408221,2011-02-02_09:50:00,-26.251000499999996,27.77487459999999,25.393199073465365,31.0,medium,male,9d1e57a193,vehicular,moving traffic violation,False,False,True,warning,False,False,False,True,True,True,True,consent,moving traffic violation,False,medium,64
2018890,2010-05-01_01:09:00,-26.2464857,27.811661500000028,27.07609153792737,25.0,medium,male,2b7a7efb70,vehicular,moving traffic violation,False,True,True,citation,False,False,False,False,True,True,False,other,moving traffic violation,True,medium,64
2015799,2013-05-11_18:43:00,-26.2417206,27.84896080000003,24.033091709526417,30.0,tall,female,82f2e31c2b,vehicular,moving traffic violation,False,False,True,warning,False,False,False,False,True,False,True,plain view,moving traffic violation,False,medium,67
1486393,2010-02-05_10:45:00,-26.251000499999996,27.77487459999999,27.614142563341577,39.0,short,male,9d1e57a193,vehicular,moving traffic violation,False,False,True,warning,False,False,False,False,True,False,True,consent,moving traffic violation,False,medium,63
103747,2013-10-23_05:39:00,-26.251000499999996,27.77487459999999,16.679077654555897,39.0,tall,male,82f2e31c2b,vehicular,moving traffic violation,False,False,True,warning,False,False,False,False,True,False,True,plain view,moving traffic violation,False,medium,64
2033572,2010-05-13_15:20:00,-26.251000499999996,27.77487459999999,23.67235079339113,34.0,short,male,9d1e57a193,vehicular,moving traffic violation,False,False,True,warning,False,False,False,False,True,False,True,consent,moving traffic violation,False,medium,65
2003854,2016-04-09_04:22:00,-26.254519699999996,27.78961600000001,32.814867986609634,18.0,medium,female,3ce33785e5,vehicular,moving traffic violation,False,False,True,warning,False,False,False,True,True,True,True,consent,moving traffic violation,False,medium,76
1950914,2012-04-03_22:21:00,-26.602446399999998,27.769506700000008,21.25214914025281,55.0,medium,male,82f2e31c2b,vehicular,moving traffic violation,False,False,True,warning,False,False,False,False,True,False,True,plain view,moving traffic violation,False,medium,58
1941933,2010-04-30_02:21:00,-26.233108099999995,27.80099699999998,18.50027559657671,21.0,medium,male,2b7a7efb70,vehicular,moving traffic violation,False,True,False,citation,False,False,False,False,True,True,True,consent,moving traffic violation,False,medium,86
822310,2010-01-07_11:10:00,-26.251000499999996,27.77487459999999,21.67734035863334,23.0,medium,male,01aa59bb70,vehicular,moving traffic violation,False,False,True,warning,False,False,False,False,True,True,True,consent,moving traffic violation,False,medium,57
1311828,2010-02-10_12:15:00,-26.251000499999996,27.77487459999999,27.412188811820037,35.0,short,female,9d1e57a193,vehicular,seatbelt violation,False,False,True,warning,False,False,False,False,True,False,True,consent,seatbelt violation,False,medium,68
2271300,2011-06-14_15:08:00,-26.251000499999996,27.77487459999999,23.104454908365586,45.0,tall,male,01aa59bb70,vehicular,moving traffic violation,False,False,True,warning,False,False,False,False,True,True,True,consent,moving traffic violation,False,medium,58
1587854,2010-03-17_06:20:00,-26.2557362,27.808292400000028,18.79674729619706,21.0,medium,male,2b7a7efb70,vehicular,moving traffic violation,False,False,True,warning,False,False,False,False,True,True,True,consent,moving traffic violation,False,medium,87
1826050,2010-04-16_09:25:00,-26.251000499999996,27.77487459999999,15.917702185596458,26.0,medium,male,9d1e57a193,vehicular,moving traffic violation,False,False,True,warning,False,False,False,False,True,False,True,consent,moving traffic violation,False,medium,62
2684780,2011-08-01_13:17:00,-26.618815399999995,25.642435000000006,27.343992869906728,21.0,tall,female,6f0e6c9ea2,vehicular,seatbelt violation,False,False,True,warning,False,False,False,False,True,False,True,consent,seatbelt violation,False,low,61
2476676,2013-07-01_18:11:00,-27.003976799999997,26.31384390000001,16.08127763817157,35.0,medium,male,2b7a7efb70,vehicular,moving traffic violation,False,False,True,warning,False,False,False,False,True,True,True,consent,moving traffic violation,False,low,69
473485,2013-11-08_20:05:00,-27.1590871,24.5374056,32.582295478130284,41.0,short,male,01aa59bb70,vehicular,moving traffic violation,False,False,True,warning,False,False,False,True,True,False,True,consent,moving traffic violation,False,low,66
387268,2010-11-03_15:05:00,-26.618815399999995,25.642435000000006,29.614459248194155,33.0,tall,female,6f0e6c9ea2,vehicular,seatbelt violation,False,True,False,citation,False,False,False,False,True,False,True,consent,seatbelt violation,False,low,83
1796135,2012-04-12_13:42:00,-26.144680299999997,28.09333049999998,37.09195006900237,23.0,medium,male,93ef5d6182,vehicular,vehicle equipment violation,False,False,True,warning,False,False,False,True,True,True,True,consent,vehicle equipment violation,False,medium,66
2924431,2015-09-14_13:21:00,-26.158035399999996,28.138342100000003,25.108982811585943,40.0,tall,male,b3d18aa8ec,vehicular,moving traffic violation,False,False,True,warning,False,False,False,True,True,True,True,consent,moving traffic violation,False,medium,66
89252,2012-10-02_14:42:00,-26.135611499999996,28.106176199999965,40.65513219394057,24.0,tall,female,93ef5d6182,vehicular,parking violation,False,False,True,warning,False,False,False,True,True,True,True,consent,parking violation,False,medium,68
2192824,2016-05-04_17:25:00,-26.082533700000006,28.08876219999999,30.41734678414335,39.0,tall,male,b3d18aa8ec,vehicular,registration,False,False,True,warning,False,False,False,False,True,False,True,plain view,registration,False,medium,65
2877870,2010-08-09_01:32:00,-26.156414499999997,28.12789570000001,29.552675749529286,23.0,tall,male,93ef5d6182,vehicular,investigative stop,False,True,False,citation,False,False,False,True,True,True,True,probable cause,investigative stop,False,medium,65
843123,2013-01-09_14:56:00,-26.136705999999997,28.10602,36.799776558806094,17.0,tall,female,93ef5d6182,vehicular,parking violation,False,False,True,warning,False,False,False,True,True,True,True,consent,parking violation,False,medium,55
1502706,2011-02-07_22:38:00,-26.161266999999995,28.128985599999965,16.284095708955782,27.0,medium,male,93ef5d6182,vehicular,vehicle equipment violation,False,False,True,warning,False,False,False,True,True,True,True,probable cause,vehicle equipment violation,False,medium,67
2666932,2014-07-09_13:28:00,-26.135903399999997,28.107104700000008,31.42855983587582,48.0,tall,male,93ef5d6182,vehicular,parking violation,False,True,True,citation,True,False,False,True,True,True,True,plain view,parking violation,False,medium,68
786876,2010-01-03_21:03:00,-26.1590377,28.077333900000028,24.188161971062854,44.0,tall,male,82f2e31c2b,vehicular,moving traffic violation,False,False,True,warning,False,False,False,False,True,False,True,plain view,moving traffic violation,False,medium,57
1266617,2018-09-26_09:48:00,-26.114370699999995,28.1394547,38.40316264586507,23.0,tall,female,93ef5d6182,vehicular,seatbelt violation,False,True,False,citation,True,True,False,True,True,True,True,plain view,seatbelt violation,False,medium,92
2292964,2010-06-17_15:19:00,-26.142412799999995,28.136581100000043,34.01846847828031,19.0,tall,male,6f0e6c9ea2,vehicular,moving traffic violation,False,True,False,citation,False,False,False,False,True,False,True,consent,moving traffic violation,False,medium,80
1817093,2016-04-14_21:23:00,-26.1371354,28.106180599999988,17.796671522805493,30.0,tall,female,b3d18aa8ec,vehicular,vehicle equipment violation,False,False,True,warning,False,False,False,False,True,False,True,plain view,vehicle equipment violation,True,medium,72
158301,2013-10-31_15:30:00,-26.135903399999997,28.107104700000008,22.965216004660668,42.0,medium,male,93ef5d6182,vehicular,parking violation,False,True,True,citation,False,False,False,True,True,True,True,consent,parking violation,False,medium,61
322654,2011-01-12_14:26:00,-26.156414499999997,28.12789570000001,14.917023463383133,22.0,tall,female,6f0e6c9ea2,vehicular,seatbelt violation,False,False,True,warning,False,False,False,False,True,False,True,consent,seatbelt violation,False,medium,66
503314,2010-12-10_13:16:00,-26.176959599999996,28.103463700000006,28.877071070181398,31.0,tall,female,6f0e6c9ea2,vehicular,vehicle equipment violation,False,True,False,citation,False,False,False,False,True,False,True,consent,vehicle equipment violation,False,medium,72
1945276,2013-04-30_13:26:00,-26.1284833,28.11109759999998,28.353486757882717,52.0,tall,male,93ef5d6182,vehicular,moving traffic violation,False,True,True,citation,True,True,False,True,True,True,True,consent,moving traffic violation,False,medium,93
1998576,2012-04-09_14:19:00,-26.1382682,28.105231800000027,21.042150007025203,26.0,tall,female,93ef5d6182,vehicular,vehicle equipment violation,False,True,True,citation,True,True,False,True,True,True,True,consent,vehicle equipment violation,False,medium,106
410366,2013-01-14_14:42:00,-26.135903399999997,28.107104700000008,17.206944491622867,53.0,tall,female,93ef5d6182,vehicular,parking violation,False,False,True,warning,False,False,False,True,True,True,True,consent,parking violation,False,medium,73
1816861,2016-04-14_19:22:00,-26.134339299999986,28.10834150000001,31.945087329003194,35.0,tall,female,b3d18aa8ec,vehicular,vehicle equipment violation,False,False,True,warning,False,False,False,False,True,False,True,plain view,vehicle equipment violation,False,medium,67
2317507,2012-06-20_13:28:00,-26.161266999999995,28.128985599999965,19.648443724272628,22.0,tall,male,93ef5d6182,vehicular,parking violation,False,False,True,warning,False,False,False,True,True,True,True,consent,parking violation,False,medium,71
1810829,2011-04-14_02:19:00,-26.161021399999996,28.130021000000028,19.575679987046698,24.0,tall,male,93ef5d6182,vehicular,vehicle equipment violation,False,True,True,citation,False,False,False,True,True,True,True,consent,vehicle equipment violation,False,medium,68
236895,2012-01-11_14:58:00,-26.144680299999997,28.09333049999998,28.027168495175783,18.0,medium,male,93ef5d6182,vehicular,vehicle equipment violation,False,False,True,warning,False,False,False,True,True,True,True,consent,vehicle equipment violation,False,medium,72
2788260,2010-08-25_00:58:00,-26.1576265,28.13188359999998,24.416411362103876,22.0,medium,male,93ef5d6182,vehicular,vehicle equipment violation,False,False,True,warning,False,False,False,True,True,True,True,consent,vehicle equipment violation,False,medium,64
2043963,2013-05-14_12:53:00,-26.1339192,28.108097200000017,35.4042921088964,30.0,tall,female,93ef5d6182,vehicular,vehicle equipment violation,False,False,True,warning,False,False,False,True,True,True,True,consent,vehicle equipment violation,False,medium,65
944536,2017-05-12_09:38:00,-26.086385999999997,28.09521000000001,20.35315358526572,27.0,medium,male,93ef5d6182,vehicular,moving traffic violation,False,False,True,warning,False,False,False,True,True,True,True,plain view,moving traffic violation,True,medium,67
1085876,2017-12-15_22:40:00,-26.15913369999999,28.129030400000005,27.20054711250821,30.0,medium,male,6f0e6c9ea2,vehicular,moving traffic violation,False,True,False,citation,False,False,False,True,True,False,False,consent,moving traffic violation,False,medium,73
75282,2011-10-20_23:41:00,-26.162791399999996,28.140724000000006,27.143809791214853,40.0,tall,male,93ef5d6182,vehicular,moving traffic violation,False,False,True,warning,False,False,False,True,True,True,True,consent,moving traffic violation,False,medium,70
1015713,2017-08-24_09:26:00,-26.135911199999995,28.103514000000004,26.06104607033972,20.0,medium,male,93ef5d6182,vehicular,seatbelt violation,False,False,True,warning,False,False,False,True,True,True,True,probable cause,seatbelt violation,False,medium,72
2552733,2014-07-02_13:23:00,-26.113236999999998,28.145339000000007,41.19128196349425,35.0,medium,male,93ef5d6182,vehicular,seatbelt violation,False,False,True,warning,False,False,False,True,True,True,True,probable cause,seatbelt violation,False,medium,67
2284425,2016-06-15_16:05:00,-26.131553099999998,28.109800400000026,40.99951074626169,50.0,medium,male,b3d18aa8ec,vehicular,seatbelt violation,False,False,True,warning,False,False,False,False,True,False,True,plain view,seatbelt violation,False,medium,77
622501,2015-12-02_08:17:00,-26.1163915,28.132269100000002,27.389667012534723,19.0,medium,male,93ef5d6182,vehicular,moving traffic violation,False,True,True,citation,False,False,False,True,True,False,False,consent,moving traffic violation,False,medium,69
2495326,2010-07-14_02:48:00,-26.108096299999985,28.132453700000028,22.192485107793253,17.0,tall,male,93ef5d6182,vehicular,vehicle equipment violation,False,True,True,citation,True,True,False,True,True,True,True,consent,vehicle equipment violation,False,medium,100
2721747,2013-08-16_13:34:00,-26.144680299999997,28.09333049999998,23.62232994627478,24.0,tall,male,93ef5d6182,vehicular,seatbelt violation,True,True,True,arrest,True,False,True,True,True,True,True,consent,seatbelt violation,False,medium,185
923482,2017-04-13_12:49:00,-26.181542299999997,28.09476620000001,28.423162380353837,28.0,tall,male,93ef5d6182,vehicular,seatbelt violation,False,True,False,citation,True,True,False,False,True,True,True,probable cause,seatbelt violation,False,medium,92
1774459,2014-04-10_16:15:00,-26.186530999999995,28.106768099999982,27.156342754891536,46.0,tall,female,b3d18aa8ec,vehicular,moving traffic violation,False,False,True,warning,False,False,False,False,True,False,True,plain view,moving traffic violation,False,medium,64
2329579,2016-06-21_22:11:00,-26.156414499999997,28.12789570000001,27.03171190511934,33.0,medium,male,b3d18aa8ec,vehicular,vehicle equipment violation,False,False,True,warning,False,False,False,False,True,False,True,plain view,vehicle equipment violation,False,medium,72
2690653,2010-08-12_00:34:00,-26.101867399999996,28.104911300000026,30.707303824764153,35.0,medium,male,93ef5d6182,vehicular,vehicle equipment violation,False,True,False,citation,False,False,False,True,True,True,True,consent,vehicle equipment violation,False,medium,67
2019850,2012-05-01_10:25:00,-26.114500199999995,28.13082159999999,28.777646400577854,24.0,medium,female,93ef5d6182,vehicular,vehicle equipment violation,False,True,True,citation,True,True,False,True,True,True,True,plain view,vehicle equipment violation,False,medium,75
2540836,2016-07-20_17:05:00,-26.147713699999997,28.122005000000044,36.15250586788066,39.0,short,male,b3d18aa8ec,vehicular,vehicle equipment violation,False,False,True,warning,False,False,False,False,True,False,True,plain view,vehicle equipment violation,False,medium,73
497428,2012-01-20_01:49:00,-26.157860299999996,28.130492500000003,28.670241944807106,54.0,tall,male,6f0e6c9ea2,vehicular,investigative stop,True,False,False,arrest,True,False,False,False,True,True,True,other,investigative stop,False,medium,75
410060,2013-01-14_13:24:00,-26.115701099999995,28.130430599999983,47.667763959126276,20.0,tall,female,93ef5d6182,vehicular,seatbelt violation,False,False,True,warning,False,False,False,True,True,True,True,consent,seatbelt violation,False,medium,76
345558,2015-11-23_11:45:00,-26.1134426,28.129377600000026,36.282474946769575,33.0,tall,male,93ef5d6182,vehicular,vehicle equipment violation,False,True,True,citation,True,True,False,True,True,True,True,consent,vehicle equipment violation,False,medium,84
1509920,2010-02-08_01:29:00,-26.1159093,28.135848200000027,36.78656158881919,46.0,tall,male,93ef5d6182,vehicular,moving traffic violation,True,True,True,arrest,True,True,False,True,True,True,True,plain view,moving traffic violation,False,medium,88
744344,2010-01-28_16:23:00,-26.131438299999992,28.104324200000008,19.253151803150327,22.0,tall,female,6f0e6c9ea2,vehicular,moving traffic violation,False,True,False,citation,False,False,False,False,True,False,True,consent,moving traffic violation,False,medium,74
3024023,2010-09-28_15:32:00,-26.1390757,28.114805599999983,23.706749158956455,18.0,tall,female,6f0e6c9ea2,vehicular,seatbelt violation,False,True,False,citation,False,False,False,True,True,True,True,consent,seatbelt violation,False,medium,75
2329598,2016-06-21_22:20:00,-26.158035399999996,28.138342100000003,32.1456872630516,31.0,medium,male,b3d18aa8ec,vehicular,vehicle equipment violation,False,False,True,warning,False,False,False,False,True,False,True,plain view,vehicle equipment violation,False,medium,81
1014307,2017-08-22_13:10:00,-26.1371354,28.106180599999988,19.774641825108837,42.0,tall,male,93ef5d6182,vehicular,seatbelt violation,True,False,False,arrest,True,True,False,True,True,True,True,probable cause,seatbelt violation,False,medium,78
2924533,2015-09-14_13:29:00,-26.158035399999996,28.138342100000003,29.177584978755135,66.0,tall,male,b3d18aa8ec,vehicular,moving traffic violation,False,False,True,warning,False,False,False,False,True,False,True,plain view,moving traffic violation,True,medium,73
2818192,2012-08-29_15:21:00,-26.1144308,28.12835890000001,35.012488986173594,25.0,tall,female,93ef5d6182,vehicular,moving traffic violation,False,True,True,citation,False,False,False,True,True,True,True,consent,moving traffic violation,False,medium,64
2186466,2011-05-04_10:06:00,-26.1683521,28.078363900000028,17.662141037855292,18.0,tall,female,6f0e6c9ea2,vehicular,moving traffic violation,False,False,True,warning,False,False,False,False,True,True,True,consent,moving traffic violation,False,medium,67
683412,2010-01-24_02:11:00,-26.124630499999995,28.116059500000006,38.1694090503226,19.0,tall,female,93ef5d6182,vehicular,moving traffic violation,True,True,False,arrest,True,False,True,True,True,True,True,consent,moving traffic violation,False,medium,114
262946,2013-11-14_12:57:00,-26.161628799999995,28.073103300000028,43.13919986093866,22.0,tall,male,93ef5d6182,vehicular,seatbelt violation,False,True,True,citation,True,True,False,True,True,True,True,plain view,seatbelt violation,False,medium,101
1327104,2010-02-01_13:59:00,-26.129308099999996,28.108635000000007,30.440070987262065,54.0,tall,male,6f0e6c9ea2,vehicular,vehicle equipment violation,False,True,False,citation,False,False,False,True,True,True,True,consent,vehicle equipment violation,False,medium,78
444597,2014-01-16_06:30:00,-26.1381467,28.123626700000003,24.197227771218955,48.0,tall,male,6f0e6c9ea2,vehicular,moving traffic violation,True,False,False,arrest,False,False,False,False,True,True,True,other,moving traffic violation,False,medium,84
750198,2013-01-28_12:35:00,-26.177798299999992,28.10502649999998,30.133809835462774,20.0,tall,male,93ef5d6182,vehicular,seatbelt violation,False,True,True,citation,False,False,False,True,True,True,True,consent,seatbelt violation,False,medium,66
2277346,2016-06-14_20:11:00,-26.148890299999998,28.125235100000026,37.336799544129335,21.0,medium,female,b3d18aa8ec,vehicular,registration,False,False,True,warning,False,False,False,False,True,False,True,plain view,registration,False,medium,68
2084411,2016-05-19_15:47:00,-26.157860299999996,28.130492500000003,29.396201023484792,22.0,tall,female,b3d18aa8ec,vehicular,vehicle equipment violation,False,False,True,warning,False,False,False,False,True,False,True,plain view,vehicle equipment violation,False,medium,66
2113147,2014-05-22_08:55:00,-26.128404499999995,28.109308500000026,18.65404194789605,35.0,tall,male,93ef5d6182,vehicular,seatbelt violation,False,True,True,citation,False,False,False,True,True,True,True,consent,seatbelt violation,False,medium,74
1363986,2010-02-16_00:49:00,-26.1371354,28.106180599999988,24.237816840335555,20.0,medium,male,93ef5d6182,vehicular,moving traffic violation,True,True,False,arrest,False,False,False,True,True,True,True,consent,moving traffic violation,False,medium,72
75653,2011-10-20_03:03:00,-26.1576265,28.13188359999998,19.120964726791847,41.0,tall,male,93ef5d6182,vehicular,vehicle equipment violation,False,False,True,warning,False,False,False,True,True,True,True,consent,vehicle equipment violation,False,medium,70
1774559,2014-04-10_17:24:00,-26.1847614,28.105958400000006,30.142121963536383,45.0,tall,female,b3d18aa8ec,vehicular,moving traffic violation,False,False,True,warning,False,False,False,False,True,False,True,plain view,moving traffic violation,False,medium,70
1091979,2017-12-28_20:38:00,-26.1132281,28.106485500000005,25.34690874470397,27.0,short,female,6f0e6c9ea2,vehicular,moving traffic violation,False,True,False,citation,False,False,False,True,True,True,False,consent,moving traffic violation,False,medium,81
2816509,2011-08-29_11:04:00,-26.175143,28.10441200000001,28.842897281044532,32.0,tall,male,6f0e6c9ea2,vehicular,moving traffic violation,False,True,False,citation,False,False,False,True,True,False,True,consent,moving traffic violation,False,medium,77
1518481,2011-02-09_12:22:00,-26.176959599999996,28.103463700000006,25.695343581483304,42.0,tall,male,6f0e6c9ea2,vehicular,moving traffic violation,False,True,False,citation,False,False,False,True,True,True,True,consent,moving traffic violation,False,medium,74
189200,2010-10-07_15:26:00,-26.135773799999996,28.103305000000006,48.21276796558588,20.0,tall,female,6f0e6c9ea2,vehicular,moving traffic violation,False,True,False,citation,False,False,False,False,True,False,True,consent,moving traffic violation,False,medium,63
2354295,2016-06-23_20:59:00,-26.085969999999996,28.09485500000001,16.26777253178701,42.0,tall,male,b3d18aa8ec,vehicular,seatbelt violation,False,False,True,warning,False,False,False,False,True,False,True,plain view,seatbelt violation,False,medium,74
2978873,2013-09-02_14:42:00,-26.1517848,28.11402720000001,32.747005842100116,24.0,tall,male,93ef5d6182,vehicular,moving traffic violation,False,True,True,citation,True,False,False,True,True,True,True,consent,moving traffic violation,False,medium,67
964984,2017-06-14_10:10:00,-26.1163915,28.132269100000002,25.34002160730156,35.0,tall,male,93ef5d6182,vehicular,moving traffic violation,False,True,False,citation,True,True,False,True,True,True,True,probable cause,moving traffic violation,False,medium,84
486940,2012-11-09_20:40:00,-26.13263,28.121456800000004,18.210194427017132,22.0,tall,male,6f0e6c9ea2,vehicular,moving traffic violation,False,True,False,citation,False,False,False,True,True,True,False,consent,moving traffic violation,False,medium,72
965759,2017-06-15_10:14:00,-26.114370699999995,28.1394547,22.774593951259348,26.0,tall,female,93ef5d6182,vehicular,seatbelt violation,False,True,False,citation,False,False,False,True,True,True,True,consent,seatbelt violation,False,medium,68
671023,2011-01-23_03:56:00,-26.0803479,28.694559000000027,24.45954171895484,41.0,tall,female,82f2e31c2b,vehicular,moving traffic violation,True,False,True,arrest,False,False,False,True,True,True,True,plain view,moving traffic violation,False,medium,66
2500819,2016-07-14_18:01:00,-26.156414499999997,28.12789570000001,16.66118955030286,31.0,tall,female,b3d18aa8ec,vehicular,seatbelt violation,False,False,True,warning,False,False,False,False,True,False,True,plain view,seatbelt violation,False,medium,62
877676,2017-02-09_14:04:00,-26.146427399999986,28.095210800000004,26.25436180558762,24.0,medium,female,93ef5d6182,vehicular,moving traffic violation,False,False,True,warning,False,False,False,False,True,True,True,probable cause,moving traffic violation,False,medium,68
197980,2012-10-08_13:22:00,-26.14102780000001,28.10221940000001,27.26596260498465,23.0,medium,male,93ef5d6182,vehicular,seatbelt violation,False,True,True,citation,True,True,False,True,True,True,True,probable cause,seatbelt violation,False,medium,101
2174011,2011-05-31_16:58:00,-26.172214099999998,28.094674700000027,34.13625172257142,33.0,tall,male,6f0e6c9ea2,vehicular,parking violation,False,True,False,citation,True,True,False,True,True,False,True,probable cause,parking violation,False,medium,112
2589167,2016-07-26_13:49:00,-26.1234404,28.140463799999964,25.721820873146957,37.0,tall,male,93ef5d6182,vehicular,seatbelt violation,True,False,True,arrest,True,True,False,True,True,True,True,consent,seatbelt violation,False,medium,83
1864470,2011-04-21_14:05:00,-26.1296136,28.105828099999982,23.879348769319243,20.0,tall,male,6f0e6c9ea2,vehicular,vehicle equipment violation,False,False,True,warning,False,False,False,False,True,True,True,consent,vehicle equipment violation,False,medium,78
583631,2012-12-19_13:39:00,-26.1637596,28.07599470000001,18.52449654940497,24.0,tall,male,93ef5d6182,vehicular,seatbelt violation,False,False,True,warning,False,False,False,True,True,True,True,consent,seatbelt violation,False,medium,63
837613,2015-01-08_14:08:00,-26.160181799999997,28.115010000000026,26.392663405148475,22.0,tall,male,93ef5d6182,vehicular,moving traffic violation,False,True,True,citation,True,True,False,True,True,True,True,probable cause,moving traffic violation,False,medium,86
582322,2011-12-19_02:39:00,-26.14295179999999,28.098957100000007,30.340365263558905,21.0,tall,male,93ef5d6182,vehicular,vehicle equipment violation,False,False,True,warning,False,False,False,False,True,True,True,consent,vehicle equipment violation,False,medium,63
377527,2014-11-29_23:18:00,-26.147713699999997,28.122005000000044,32.71645071204359,26.0,tall,male,6f0e6c9ea2,vehicular,registration,True,True,False,arrest,True,True,False,True,True,True,True,other,registration,False,medium,97
504074,2010-12-10_09:55:00,-26.15369720000001,28.114067799999987,29.28726192488548,20.0,tall,female,6f0e6c9ea2,vehicular,vehicle equipment violation,False,False,True,warning,False,False,False,False,True,False,True,consent,vehicle equipment violation,False,medium,73
3041595,2014-09-30_14:32:00,-26.136705999999997,28.10602,23.185300713616744,29.0,medium,male,93ef5d6182,vehicular,seatbelt violation,False,False,True,warning,False,False,False,True,True,True,True,consent,seatbelt violation,False,medium,66
1041034,2017-10-03_19:15:00,-26.168636499999998,28.08579809999999,20.872976255379683,21.0,short,male,6f0e6c9ea2,vehicular,moving traffic violation,False,True,False,citation,False,False,False,True,True,False,True,consent,moving traffic violation,False,medium,77
2857149,2016-08-05_20:24:00,-26.126176899999997,28.112099000000043,37.918806096988185,23.0,medium,male,b3d18aa8ec,vehicular,vehicle equipment violation,False,False,True,warning,False,False,False,False,True,False,True,plain view,vehicle equipment violation,False,medium,71
3046209,2012-09-03_10:22:00,-26.1163915,28.132269100000002,35.315406268569006,23.0,tall,male,93ef5d6182,vehicular,moving traffic violation,False,True,True,citation,False,False,False,True,True,True,True,consent,moving traffic violation,False,medium,70
2283943,2016-06-15_22:24:00,-26.1581812,28.12877540000001,22.45641858083643,21.0,tall,male,b3d18aa8ec,vehicular,vehicle equipment violation,False,False,True,warning,False,False,False,False,True,False,True,plain view,vehicle equipment violation,False,medium,69
2475525,2012-07-01_04:54:00,-26.122935999999996,28.123379900000018,25.127965441698482,31.0,tall,female,3ce33785e5,vehicular,registration,False,False,True,warning,False,False,False,False,True,False,True,consent,registration,False,medium,76
2284410,2016-06-15_15:51:00,-26.128725899999992,28.11224990000001,21.433906240041793,23.0,tall,female,b3d18aa8ec,vehicular,vehicle equipment violation,False,False,True,warning,False,False,False,False,True,False,True,plain view,vehicle equipment violation,False,medium,67
1864461,2011-04-21_14:01:00,-26.1502226,28.086201400000007,32.28242840010319,28.0,short,male,6f0e6c9ea2,vehicular,vehicle equipment violation,False,True,False,citation,False,False,False,False,True,True,True,consent,vehicle equipment violation,False,medium,74
2542767,2011-07-21_03:07:00,-26.156414499999997,28.12789570000001,21.49231165246067,25.0,medium,male,93ef5d6182,vehicular,vehicle equipment violation,False,False,True,warning,False,False,False,True,True,True,True,consent,vehicle equipment violation,False,medium,62
2137909,2011-05-26_06:44:00,-26.129308099999996,28.108635000000007,41.380506549239236,30.0,tall,female,6f0e6c9ea2,vehicular,safety violation,True,False,True,arrest,False,False,False,False,True,True,True,consent,safety violation,False,medium,77
893752,2017-03-02_08:27:00,-26.114773800000002,28.14261470000001,18.266835582328916,27.0,tall,male,93ef5d6182,vehicular,seatbelt violation,False,True,False,citation,True,True,False,True,True,True,True,probable cause,seatbelt violation,False,medium,98
787043,2011-01-03_22:42:00,-26.106583399999998,28.10443570000001,20.868965681919583,19.0,tall,male,93ef5d6182,vehicular,vehicle equipment violation,False,False,True,warning,False,False,False,True,True,True,True,consent,vehicle equipment violation,False,medium,74
2329597,2016-06-21_22:20:00,-26.158035399999996,28.138342100000003,20.86100785209008,57.0,medium,female,b3d18aa8ec,vehicular,moving traffic violation,False,False,True,warning,False,False,False,False,True,False,True,plain view,moving traffic violation,False,medium,66
1774431,2014-04-10_16:06:00,-26.1847614,28.105958400000006,15.300101814688249,29.0,tall,male,b3d18aa8ec,vehicular,moving traffic violation,False,False,True,warning,False,False,False,False,True,False,True,plain view,moving traffic violation,False,medium,65
2589644,2016-07-26_09:01:00,-26.1146394,28.141449400000027,27.925192607476905,30.0,medium,male,93ef5d6182,vehicular,seatbelt violation,True,True,False,arrest,True,True,False,True,True,True,True,consent,seatbelt violation,False,medium,82
1518556,2011-02-09_13:26:00,-26.1375497,28.113828000000026,19.97658722675787,17.0,tall,female,6f0e6c9ea2,vehicular,moving traffic violation,False,False,True,warning,False,False,False,False,True,False,True,consent,moving traffic violation,False,medium,80
2818250,2012-08-29_15:58:00,-26.1325552,28.108608000000004,22.735292236935315,18.0,medium,male,93ef5d6182,vehicular,vehicle equipment violation,False,True,True,citation,True,True,False,True,True,True,True,probable cause,vehicle equipment violation,False,medium,95
662629,2014-12-30_09:55:00,-26.130657,28.09911359999998,13.23367236742062,23.0,tall,male,93ef5d6182,vehicular,seatbelt violation,False,True,True,citation,False,False,False,True,True,True,False,consent,seatbelt violation,False,medium,61
2656270,2011-07-08_03:20:00,-26.156414499999997,28.12789570000001,22.72717457693046,34.0,tall,female,93ef5d6182,vehicular,vehicle equipment violation,False,False,True,warning,False,False,False,True,True,True,True,consent,vehicle equipment violation,False,medium,67
2062228,2010-05-17_14:32:00,-26.172214099999998,28.094674700000027,29.505123092171107,27.0,tall,female,6f0e6c9ea2,vehicular,moving traffic violation,False,True,False,citation,False,False,False,False,True,False,True,consent,moving traffic violation,False,medium,82
2084573,2016-05-19_18:03:00,-26.1590377,28.077333900000028,23.765506157317407,36.0,medium,male,b3d18aa8ec,vehicular,vehicle equipment violation,False,False,True,warning,False,False,False,False,True,False,True,plain view,vehicle equipment violation,False,medium,66
2494874,2016-07-13_21:55:00,-26.158035399999996,28.138342100000003,21.877846056367957,28.0,short,female,b3d18aa8ec,vehicular,moving traffic violation,False,False,True,warning,False,False,False,False,True,False,True,plain view,moving traffic violation,False,medium,73
28817,2011-10-13_00:34:00,-26.193887299999986,28.1002304,29.58443971528041,25.0,medium,male,93ef5d6182,vehicular,moving traffic violation,False,False,True,warning,False,False,False,True,True,True,True,consent,moving traffic violation,False,medium,63
547510,2010-12-14_04:16:00,-26.176959599999996,28.103463700000006,30.290488302184674,50.0,medium,male,93ef5d6182,vehicular,vehicle equipment violation,False,True,True,citation,False,False,False,True,True,True,True,consent,vehicle equipment violation,False,medium,76
2180100,2011-05-03_03:05:00,-26.114393999999997,28.13290839999999,25.531894879765787,26.0,tall,female,93ef5d6182,vehicular,moving traffic violation,False,True,False,citation,True,True,False,True,True,True,True,consent,moving traffic violation,False,medium,109
413030,2014-11-04_15:25:00,-26.1576265,28.13188359999998,37.10008443143193,28.0,tall,male,93ef5d6182,vehicular,moving traffic violation,False,True,True,citation,True,True,False,True,True,True,True,consent,moving traffic violation,False,medium,99
1203240,2018-06-05_12:30:00,-26.114282899999992,28.140139500000004,19.768825401280118,30.0,tall,female,93ef5d6182,vehicular,seatbelt violation,False,True,False,citation,True,True,False,True,True,True,True,probable cause,seatbelt violation,False,medium,88
805927,2011-01-05_15:36:00,-26.14295179999999,28.098957100000007,33.49206283739356,36.0,tall,male,6f0e6c9ea2,vehicular,vehicle equipment violation,False,True,False,citation,False,False,False,True,True,False,True,consent,vehicle equipment violation,False,medium,65
1413974,2010-02-22_12:55:00,-26.041565399999996,28.119472900000005,19.902473616669663,29.0,tall,male,6f0e6c9ea2,vehicular,seatbelt violation,False,True,False,citation,False,False,False,True,True,True,True,consent,seatbelt violation,False,medium,72
813430,2010-01-06_13:50:00,-26.14295179999999,28.098957100000007,22.83006781082414,54.0,tall,female,6f0e6c9ea2,vehicular,seatbelt violation,False,True,False,citation,False,False,False,False,True,False,True,consent,seatbelt violation,False,medium,79
335240,2010-11-22_15:25:00,-26.171506699999995,28.08977249999998,34.4205454054758,20.0,tall,male,6f0e6c9ea2,vehicular,safety violation,False,True,False,citation,False,False,False,True,True,True,True,consent,safety violation,False,medium,72
779949,2011-01-31_12:15:00,-26.1371354,28.106180599999988,25.436642783251422,25.0,tall,male,6f0e6c9ea2,vehicular,seatbelt violation,False,True,False,citation,False,False,False,True,True,False,True,consent,seatbelt violation,True,medium,75
1186519,2018-05-07_10:20:00,-26.115291999999997,28.140567600000026,33.75864111863543,34.0,tall,male,93ef5d6182,vehicular,seatbelt violation,False,True,True,citation,False,False,False,True,True,True,False,consent,seatbelt violation,False,medium,65
2595433,2016-07-27_01:10:00,-26.161628799999995,28.073103300000028,18.906973316733268,32.0,tall,female,6f0e6c9ea2,vehicular,moving traffic violation,True,False,False,arrest,False,False,False,False,True,True,False,other,moving traffic violation,False,medium,80
929695,2017-04-21_08:17:00,-26.1237292,28.140190900000007,16.383917152595586,27.0,tall,female,93ef5d6182,vehicular,seatbelt violation,False,True,True,citation,True,True,False,False,True,True,True,probable cause,seatbelt violation,False,medium,89
2452705,2010-06-09_12:52:00,-26.188870799999997,28.102015900000026,22.422175880888457,32.0,tall,male,6f0e6c9ea2,vehicular,seatbelt violation,False,True,False,citation,False,False,False,True,True,True,True,consent,seatbelt violation,False,medium,78
337494,2013-11-22_11:46:00,-26.1371354,28.106180599999988,18.833009487980718,18.0,tall,female,93ef5d6182,vehicular,vehicle equipment violation,False,True,True,citation,False,False,False,True,True,True,True,consent,vehicle equipment violation,False,medium,71
163352,2012-10-03_12:09:00,-26.11542879999999,28.125389600000005,21.831141847535523,28.0,tall,male,93ef5d6182,vehicular,seatbelt violation,False,True,True,citation,False,False,False,True,True,True,True,consent,seatbelt violation,False,medium,75
1848241,2016-04-18_21:32:00,-26.1573463,28.128106300000027,20.58800903193868,52.0,tall,male,b3d18aa8ec,vehicular,vehicle equipment violation,False,False,True,warning,False,False,False,False,True,False,True,plain view,vehicle equipment violation,False,medium,68
1474862,2014-02-03_12:47:00,-26.144746499999997,28.10446890000003,29.203216264889008,34.0,tall,male,93ef5d6182,vehicular,moving traffic violation,False,True,True,citation,True,False,False,True,True,True,True,consent,moving traffic violation,False,medium,76
2534771,2016-07-19_20:14:00,-26.157860299999996,28.130492500000003,28.35599462815558,41.0,tall,male,b3d18aa8ec,vehicular,seatbelt violation,False,False,True,warning,False,False,False,False,True,False,True,plain view,seatbelt violation,False,medium,74
1774563,2014-04-10_17:25:00,-26.1847614,28.105958400000006,35.810813074916446,47.0,medium,male,b3d18aa8ec,vehicular,moving traffic violation,False,False,True,warning,False,False,False,False,True,False,True,plain view,moving traffic violation,False,medium,76
669166,2010-12-03_13:51:00,-26.172214099999998,28.094674700000027,17.305655342698177,22.0,tall,male,6f0e6c9ea2,vehicular,vehicle equipment violation,False,True,False,citation,False,False,False,True,True,True,True,consent,vehicle equipment violation,False,medium,75
2488241,2010-07-13_12:30:00,-26.1524566,28.11326790000001,38.664763846009485,42.0,tall,male,6f0e6c9ea2,vehicular,investigative stop,False,True,False,citation,True,True,False,True,True,True,True,probable cause,investigative stop,False,medium,78
1916246,2013-04-26_08:21:00,-26.132034999999995,28.118215000000006,25.410610958001048,21.0,medium,male,93ef5d6182,vehicular,moving traffic violation,False,False,True,warning,False,False,False,True,True,True,True,consent,moving traffic violation,False,medium,73
1891510,2013-04-23_01:25:00,-26.546286799999997,30.45266790000001,26.642073419481573,26.0,tall,male,d6864f2be6,vehicular,moving traffic violation,False,False,True,warning,False,False,False,False,True,False,True,plain view,moving traffic violation,False,low,75
110537,2013-10-24_14:29:00,-26.441606399999998,30.207578000000026,45.3337112987351,26.0,short,male,01aa59bb70,vehicular,moving traffic violation,False,False,True,warning,False,False,False,False,True,False,True,consent,moving traffic violation,False,low,61
2495016,2010-07-14_13:11:00,-26.409951999999997,29.73628509999999,28.993816795695615,26.0,short,male,01aa59bb70,vehicular,moving traffic violation,False,False,True,warning,False,False,False,False,True,False,True,consent,moving traffic violation,False,low,63
2564248,2012-07-23_10:09:00,-26.409951999999997,29.73628509999999,24.641836746983177,34.0,short,male,01aa59bb70,vehicular,seatbelt violation,False,False,True,warning,False,False,False,False,True,False,True,consent,seatbelt violation,True,low,74
2468977,2013-07-11_13:00:00,-26.410936899999996,29.734165000000004,33.788555584614826,23.0,tall,male,9d1e57a193,vehicular,moving traffic violation,False,False,True,warning,True,True,False,True,True,True,True,probable cause,moving traffic violation,False,low,94
2484708,2013-07-12_12:20:00,-26.411214699999995,29.734132700000004,30.643233446051955,55.0,tall,male,9d1e57a193,vehicular,moving traffic violation,False,False,True,warning,False,False,False,False,True,False,True,consent,moving traffic violation,False,low,64
576689,2012-12-18_13:40:00,-27.170718899999997,29.849324300000006,39.37741940480651,30.0,tall,male,9d1e57a193,vehicular,moving traffic violation,False,False,True,warning,False,False,False,False,True,False,True,consent,moving traffic violation,False,low,67
2118651,2013-05-23_02:08:00,-26.209959599999998,30.076572999999982,27.099489620729546,25.0,tall,male,82f2e31c2b,vehicular,vehicle equipment violation,False,False,True,warning,False,False,False,False,True,False,True,plain view,vehicle equipment violation,False,low,54
2550129,2012-07-02_02:57:00,-26.532487100000004,30.473631000000026,20.739369007577128,20.0,medium,male,d6864f2be6,vehicular,moving traffic violation,False,False,True,warning,False,False,False,False,True,False,True,plain view,moving traffic violation,False,low,79
2295710,2013-06-17_14:20:00,-26.409951999999997,29.73628509999999,27.020507982282222,25.0,tall,male,9d1e57a193,vehicular,moving traffic violation,False,False,True,warning,False,False,False,False,True,False,True,consent,moving traffic violation,True,low,49
2362309,2010-06-25_15:03:00,-26.409951999999997,29.73628509999999,23.91420132370141,21.0,tall,male,01aa59bb70,vehicular,seatbelt violation,False,False,True,warning,False,False,False,False,True,True,True,consent,seatbelt violation,False,low,63
2550147,2012-07-02_03:13:00,-26.532487100000004,30.473631000000026,27.78786714683158,37.0,tall,female,d6864f2be6,vehicular,moving traffic violation,False,False,True,warning,False,False,False,False,True,False,True,plain view,moving traffic violation,False,low,78
1854202,2015-04-19_00:15:00,-23.211566499999996,37.19460319999999,33.18282714795408,22.0,medium,male,6f0e6c9ea2,vehicular,investigative stop,True,False,False,arrest,False,False,False,False,True,True,False,other,investigative stop,False,very low,65
2803393,2010-08-27_21:53:00,-26.261595999999997,28.03605899999998,28.348588854694643,29.0,tall,male,498350de5b,vehicular,vehicle equipment violation,False,False,True,warning,False,False,False,True,True,False,True,consent,vehicle equipment violation,False,high,66
117359,2012-10-25_19:40:00,-26.26086,28.036503100000004,22.713918734576755,26.0,tall,male,498350de5b,vehicular,vehicle equipment violation,False,False,True,warning,False,False,False,True,True,True,False,consent,vehicle equipment violation,False,high,82
389215,2011-01-13_00:32:00,-26.276450499999996,28.036044100000026,21.74056083609054,21.0,medium,male,498350de5b,vehicular,vehicle equipment violation,False,False,True,warning,False,False,False,True,True,True,True,probable cause,vehicle equipment violation,False,high,72
2215712,2010-05-08_01:37:00,-26.263843699999995,28.043072400000028,34.816865841191884,40.0,tall,male,498350de5b,vehicular,vehicle equipment violation,False,True,False,citation,False,False,False,True,True,True,False,consent,vehicle equipment violation,False,high,75
319635,2010-11-02_23:57:00,-26.268116899999995,28.04750990000001,28.560484164217275,21.0,medium,male,498350de5b,vehicular,vehicle equipment violation,False,True,False,citation,False,False,False,True,True,True,True,consent,vehicle equipment violation,False,high,78
1721993,2010-03-04_00:45:00,-26.2491463,28.01545849999998,25.370121626389718,30.0,tall,male,498350de5b,vehicular,vehicle equipment violation,False,True,False,citation,True,False,False,True,True,True,True,consent,vehicle equipment violation,False,high,76
669162,2010-01-23_01:50:00,-26.245238999999998,28.023923700000026,28.3505161573322,36.0,short,male,498350de5b,vehicular,vehicle equipment violation,True,True,False,arrest,False,False,False,True,True,True,False,other,vehicle equipment violation,False,high,71
815248,2011-01-06_19:20:00,-26.261595999999997,28.03605899999998,23.401697375151024,35.0,tall,male,498350de5b,vehicular,seatbelt violation,False,True,False,citation,False,False,False,True,True,True,True,consent,seatbelt violation,False,high,79
361051,2013-11-26_14:06:00,-26.2735702,28.007189400000044,29.116293518649723,28.0,tall,male,498350de5b,vehicular,seatbelt violation,False,False,True,warning,False,False,False,True,True,True,True,consent,seatbelt violation,False,high,77
237980,2012-11-01_19:54:00,-26.260165399999998,28.034181100000026,27.66741345315662,22.0,short,male,498350de5b,vehicular,seatbelt violation,True,False,True,arrest,False,False,False,True,True,True,True,other,seatbelt violation,False,high,74
1470339,2010-02-03_19:45:00,-26.263843699999995,28.043072400000028,18.162020682068945,19.0,tall,female,498350de5b,vehicular,vehicle equipment violation,False,False,True,warning,False,False,False,True,True,True,True,consent,vehicle equipment violation,False,high,72
496304,2011-01-20_01:35:00,-26.245424999999997,28.027974200000017,16.26171306519535,24.0,tall,male,498350de5b,vehicular,seatbelt violation,False,False,True,warning,False,False,False,True,True,True,True,consent,seatbelt violation,False,high,78
1547541,2015-03-01_01:21:00,-26.221343100000006,27.985979600000007,15.968378538727283,30.0,tall,female,82f2e31c2b,vehicular,moving traffic violation,False,False,True,warning,False,False,False,False,True,False,True,plain view,moving traffic violation,False,high,67
1651688,2011-03-24_00:35:00,-26.260165399999998,28.034181100000026,37.87586527989617,23.0,tall,female,498350de5b,vehicular,moving traffic violation,False,False,True,warning,False,False,False,True,True,True,False,consent,moving traffic violation,False,high,69
285922,2015-11-17_19:46:00,-26.221463399999998,28.014163900000028,14.943955938067065,28.0,medium,female,82f2e31c2b,vehicular,moving traffic violation,False,False,True,warning,False,False,False,False,True,False,True,plain view,moving traffic violation,False,high,65
2020145,2012-05-01_00:22:00,-26.2597625,28.045545000000004,16.346532867342763,22.0,short,female,498350de5b,vehicular,vehicle equipment violation,False,True,False,citation,True,True,False,True,True,True,True,consent,vehicle equipment violation,False,high,104
2193346,2010-05-05_01:35:00,-26.249996099999997,28.001854300000005,21.667374684539226,49.0,tall,male,498350de5b,vehicular,vehicle equipment violation,True,True,False,arrest,True,False,False,True,True,True,True,consent,vehicle equipment violation,False,high,70
610924,2011-12-02_23:06:00,-26.2491463,28.01545849999998,23.47761689592963,46.0,medium,male,2b7a7efb70,vehicular,moving traffic violation,False,False,True,warning,False,False,False,True,True,True,True,probable cause,moving traffic violation,False,high,95
2641910,2011-07-06_20:29:00,-26.219412900000002,27.989123000000006,34.67672675224037,36.0,medium,male,498350de5b,vehicular,vehicle equipment violation,False,True,False,citation,False,False,False,True,True,True,False,consent,vehicle equipment violation,False,high,78
1891841,2013-04-23_15:32:00,-26.263843699999995,28.043072400000028,39.284818215486844,20.0,short,male,498350de5b,vehicular,investigative stop,True,False,True,arrest,False,False,False,True,True,True,True,other,investigative stop,False,high,77
2517665,2013-07-17_14:57:00,-26.25983579999999,28.050377700000027,40.510353129279196,20.0,tall,male,498350de5b,vehicular,vehicle equipment violation,False,True,False,citation,True,True,False,True,True,True,True,probable cause,vehicle equipment violation,False,high,105
381443,2011-11-30_20:55:00,-26.26086,28.036503100000004,28.31262997828307,30.0,short,male,498350de5b,vehicular,vehicle equipment violation,False,True,False,citation,False,False,False,True,True,True,False,consent,vehicle equipment violation,False,high,72
715393,2011-01-26_18:45:00,-26.250370499999995,28.003593300000006,21.06823849397496,27.0,short,male,498350de5b,vehicular,moving traffic violation,False,True,False,citation,False,False,False,True,True,True,False,consent,moving traffic violation,False,high,75
254944,2012-11-13_18:40:00,-26.2198097,27.992928500000005,18.29360498621,32.0,tall,female,82f2e31c2b,vehicular,vehicle equipment violation,False,False,True,warning,False,False,False,False,True,False,True,plain view,vehicle equipment violation,False,high,64
1328261,2011-02-01_19:19:00,-26.260557899999995,28.039221899999987,19.068685648892117,21.0,short,male,498350de5b,vehicular,vehicle equipment violation,False,True,False,citation,False,False,False,True,True,True,False,consent,vehicle equipment violation,False,high,81
733821,2012-01-27_19:48:00,-26.261595999999997,28.03605899999998,31.51928895035447,19.0,short,male,498350de5b,vehicular,vehicle equipment violation,False,True,False,citation,False,False,False,True,True,True,False,consent,vehicle equipment violation,False,high,77
2021785,2013-05-01_12:58:00,-26.2422622,28.0067808,24.75128999067227,19.0,short,male,498350de5b,vehicular,vehicle equipment violation,False,False,True,warning,False,False,False,True,True,True,True,probable cause,vehicle equipment violation,False,high,70
2726022,2011-08-17_22:45:00,-26.250370499999995,28.003593300000006,27.011254593290552,26.0,tall,male,82f2e31c2b,vehicular,moving traffic violation,False,False,True,warning,False,False,False,False,True,False,True,plain view,moving traffic violation,False,high,62
2274296,2013-06-14_03:27:00,-26.289626700000007,27.949206700000005,38.55594075645735,48.0,tall,female,d6864f2be6,vehicular,vehicle equipment violation,False,False,True,warning,False,False,False,False,True,False,True,plain view,vehicle equipment violation,False,high,72
1973603,2011-04-06_00:11:00,-26.245897499999998,28.03088099999998,30.45399159891668,35.0,tall,male,498350de5b,vehicular,moving traffic violation,False,False,True,warning,True,False,False,True,True,True,True,consent,moving traffic violation,False,high,80
1674555,2010-03-27_01:01:00,-26.245897499999998,28.03088099999998,36.691266379994104,19.0,tall,female,498350de5b,vehicular,seatbelt violation,False,True,False,citation,True,False,False,True,True,True,True,probable cause,seatbelt violation,False,high,73
1787318,2012-04-01_22:01:00,-26.278454299999986,28.0157698,35.2817887551587,33.0,tall,male,82f2e31c2b,vehicular,moving traffic violation,False,False,True,warning,False,False,False,False,True,False,True,plain view,moving traffic violation,False,high,63
2326779,2012-06-21_21:54:00,-26.247436899999997,28.027790700000025,27.434844369213334,20.0,tall,male,498350de5b,vehicular,vehicle equipment violation,False,True,False,citation,False,False,False,True,True,True,False,consent,vehicle equipment violation,False,high,70
1786804,2011-04-01_18:51:00,-26.268446899999986,28.041031100000026,37.513603171027405,35.0,short,female,498350de5b,vehicular,vehicle equipment violation,False,True,False,citation,False,False,False,True,True,True,False,consent,vehicle equipment violation,False,high,77
1856866,2011-04-20_00:39:00,-26.246993899999985,28.04088919999998,33.24892979833719,23.0,medium,male,498350de5b,vehicular,vehicle equipment violation,False,False,True,warning,False,False,False,True,True,True,True,consent,vehicle equipment violation,False,high,69
2662045,2010-07-09_22:05:00,-26.261595999999997,28.03605899999998,16.502544781811476,23.0,tall,female,498350de5b,vehicular,vehicle equipment violation,False,True,False,citation,False,False,False,True,True,True,False,consent,vehicle equipment violation,False,high,71
1365109,2011-02-16_00:03:00,-26.245424999999997,28.027974200000017,28.70488621292297,22.0,medium,male,498350de5b,vehicular,vehicle equipment violation,False,True,False,citation,False,False,False,True,True,True,True,consent,vehicle equipment violation,False,high,69
2715914,2014-08-15_05:56:00,-26.240805099999996,27.988476300000002,20.919115599096862,31.0,medium,male,82f2e31c2b,vehicular,moving traffic violation,False,False,True,warning,False,False,False,False,True,False,True,plain view,moving traffic violation,False,high,61
1744149,2010-03-07_01:13:00,-26.25288189999999,28.004380000000026,19.654277987507015,28.0,short,male,01aa59bb70,vehicular,moving traffic violation,True,False,False,arrest,False,False,False,False,True,True,False,other,moving traffic violation,False,high,63
2077963,2010-05-19_21:46:00,-26.2454277,28.026346000000004,24.439873150456876,28.0,short,male,498350de5b,vehicular,vehicle equipment violation,False,False,True,warning,False,False,False,True,True,True,True,consent,vehicle equipment violation,False,high,68
1849289,2011-04-19_22:44:00,-26.245424999999997,28.027974200000017,27.16234345389572,30.0,short,male,498350de5b,vehicular,seatbelt violation,False,True,False,citation,False,False,False,True,True,True,True,consent,seatbelt violation,False,high,74
1694587,2013-03-29_12:23:00,-26.260084999999997,28.036628000000007,25.56202090667847,16.0,short,male,498350de5b,vehicular,seatbelt violation,True,True,False,arrest,True,True,False,True,True,True,True,probable cause,seatbelt violation,False,high,103
1764873,2012-03-09_21:24:00,-26.2604744,28.03607470000003,17.584152117248156,18.0,short,male,498350de5b,vehicular,vehicle equipment violation,False,True,False,citation,False,False,False,True,True,True,False,consent,vehicle equipment violation,True,high,73
1880825,2011-04-22_05:52:00,-26.2204002,28.00979790000001,25.75169293155111,18.0,tall,male,82f2e31c2b,vehicular,moving traffic violation,False,False,True,warning,False,False,False,False,True,False,True,plain view,moving traffic violation,False,high,73
321766,2011-01-12_22:19:00,-26.25288189999999,28.004380000000026,12.487940338605055,25.0,short,male,498350de5b,vehicular,vehicle equipment violation,False,False,True,warning,False,False,False,True,True,True,False,consent,vehicle equipment violation,False,high,75
1319984,2011-02-11_01:13:00,-26.250239899999997,28.026196200000044,21.530247609699277,31.0,medium,male,498350de5b,vehicular,investigative stop,False,False,True,warning,False,False,False,True,True,True,True,probable cause,investigative stop,False,high,79
621016,2015-12-02_12:50:00,-26.2908386,27.945581700000005,25.298444328415744,51.0,tall,male,498350de5b,vehicular,moving traffic violation,True,False,True,arrest,False,False,False,True,True,True,True,consent,moving traffic violation,False,high,80
686560,2012-01-24_00:28:00,-26.247436899999997,28.027790700000025,15.888126043913944,46.0,short,male,498350de5b,vehicular,vehicle equipment violation,False,True,False,citation,False,False,False,True,True,True,False,consent,vehicle equipment violation,False,high,75
2202539,2011-05-06_20:50:00,-26.260557899999995,28.039221899999987,23.519403576243793,23.0,tall,female,498350de5b,vehicular,vehicle equipment violation,True,False,True,arrest,False,False,False,True,True,True,True,consent,vehicle equipment violation,False,high,64
3078726,2010-09-08_21:44:00,-26.263843699999995,28.043072400000028,34.89477984051856,47.0,medium,male,498350de5b,vehicular,vehicle equipment violation,False,True,False,citation,False,False,False,True,True,True,False,consent,vehicle equipment violation,False,high,76
2501403,2010-07-15_00:20:00,-26.25999879999999,28.044358900000006,26.161219632874953,24.0,short,male,498350de5b,vehicular,vehicle equipment violation,False,False,True,warning,False,False,False,True,True,True,False,consent,vehicle equipment violation,False,high,66
386665,2010-01-13_23:54:00,-26.2617921,28.010866700000008,28.43314125228611,24.0,short,male,498350de5b,vehicular,moving traffic violation,False,True,False,citation,False,False,False,True,True,True,False,consent,moving traffic violation,False,high,73
1462310,2012-02-28_19:49:00,-26.263843699999995,28.043072400000028,22.027509374663907,20.0,short,male,498350de5b,vehicular,vehicle equipment violation,False,True,False,citation,False,False,False,True,True,True,False,consent,vehicle equipment violation,False,high,82
450656,2011-11-07_23:50:00,-26.2444955,28.039318900000026,14.735191114779425,33.0,medium,male,498350de5b,vehicular,vehicle equipment violation,False,False,True,warning,False,False,False,True,True,True,False,consent,vehicle equipment violation,False,high,72
460716,2014-01-17_21:43:00,-26.2481224,28.02802810000003,25.729715993133993,21.0,medium,male,498350de5b,vehicular,moving traffic violation,False,False,True,warning,False,False,False,True,True,True,True,probable cause,moving traffic violation,False,high,70
67756,2010-10-19_23:28:00,-26.238215499999995,28.044727500000008,21.91492353894728,28.0,short,female,82f2e31c2b,vehicular,vehicle equipment violation,False,False,True,warning,False,False,False,False,True,False,True,plain view,vehicle equipment violation,False,high,66
2047851,2010-05-15_01:17:00,-26.260084999999997,28.036628000000007,22.614549811388823,19.0,short,male,498350de5b,vehicular,vehicle equipment violation,False,False,True,warning,False,False,False,True,True,True,True,probable cause,vehicle equipment violation,False,high,74
1982413,2011-04-07_19:00:00,-26.2429841,28.023306200000007,18.269588087381713,26.0,short,male,498350de5b,vehicular,vehicle equipment violation,False,False,True,warning,False,False,False,True,True,True,True,consent,vehicle equipment violation,False,high,77
2041822,2011-05-14_05:56:00,-26.245858399999996,28.02415999999998,24.494026443857294,50.0,medium,male,82f2e31c2b,vehicular,moving traffic violation,False,False,True,warning,False,False,False,False,True,False,True,plain view,moving traffic violation,False,high,63
549016,2011-12-14_19:41:00,-26.263843699999995,28.043072400000028,30.065074538851476,23.0,tall,male,498350de5b,vehicular,vehicle equipment violation,False,True,False,citation,False,False,False,True,True,True,False,consent,vehicle equipment violation,False,high,67
1665168,2016-03-25_13:16:00,-26.246884799999997,28.01723530000001,20.19283206199163,33.0,medium,male,498350de5b,vehicular,moving traffic violation,True,True,False,arrest,False,False,False,True,True,True,True,consent,moving traffic violation,True,high,71
1805802,2013-04-13_07:18:00,-26.2204002,28.00979790000001,23.026075160979108,22.0,medium,female,82f2e31c2b,vehicular,moving traffic violation,False,False,True,warning,False,False,False,False,True,False,True,plain view,moving traffic violation,False,high,62
718934,2012-01-26_21:51:00,-26.247436899999997,28.027790700000025,31.325567271277862,32.0,short,male,498350de5b,vehicular,vehicle equipment violation,True,True,False,arrest,False,False,False,True,True,True,False,other,vehicle equipment violation,False,high,71
1676217,2012-03-27_22:48:00,-26.2429841,28.023306200000007,19.743268930993352,27.0,tall,male,498350de5b,vehicular,vehicle equipment violation,False,False,True,warning,False,False,False,True,True,True,False,consent,vehicle equipment violation,False,high,68
703141,2012-12-05_20:20:00,-26.26086,28.036503100000004,14.520126076534874,29.0,short,male,498350de5b,vehicular,seatbelt violation,False,True,True,citation,False,False,False,True,True,True,True,consent,seatbelt violation,False,high,70
577532,2013-12-18_13:06:00,-26.2597625,28.045545000000004,38.28169792592515,20.0,medium,male,498350de5b,vehicular,investigative stop,True,False,True,arrest,False,False,False,True,True,True,True,other,investigative stop,False,high,78
1629285,2012-03-02_00:40:00,-26.245897499999998,28.03088099999998,18.923966709626193,19.0,short,male,498350de5b,vehicular,vehicle equipment violation,False,False,True,warning,False,False,False,True,True,True,False,consent,vehicle equipment violation,False,high,66
1650615,2010-03-24_00:52:00,-26.245897499999998,28.03088099999998,36.00901078500976,42.0,medium,male,498350de5b,vehicular,vehicle equipment violation,False,False,True,warning,False,False,False,True,True,True,True,consent,vehicle equipment violation,False,high,75
1721846,2010-03-04_23:40:00,-26.243170299999996,28.034077400000044,31.282321000363496,41.0,tall,male,498350de5b,vehicular,vehicle equipment violation,True,True,False,arrest,False,False,False,True,True,True,False,other,vehicle equipment violation,False,high,66
2249136,2011-06-01_20:33:00,-26.245897499999998,28.03088099999998,27.429074640677854,24.0,medium,male,498350de5b,vehicular,vehicle equipment violation,False,True,False,citation,False,False,False,True,True,True,False,consent,vehicle equipment violation,False,high,72
3073099,2011-09-07_20:17:00,-26.2606622,28.037244400000006,30.652112603129268,24.0,medium,male,498350de5b,vehicular,vehicle equipment violation,False,True,False,citation,True,True,False,True,True,True,True,probable cause,vehicle equipment violation,False,high,96
2784387,2012-08-24_21:26:00,-26.238215499999995,28.044727500000008,34.76979038388553,49.0,medium,female,498350de5b,vehicular,vehicle equipment violation,True,False,True,arrest,False,False,False,True,True,True,False,consent,vehicle equipment violation,False,high,68
2013484,2011-05-11_21:01:00,-26.245858399999996,28.02415999999998,28.553524644247258,22.0,medium,male,498350de5b,vehicular,vehicle equipment violation,False,True,False,citation,True,True,False,True,True,True,True,consent,vehicle equipment violation,False,high,92
2906172,2011-09-12_23:28:00,-26.245238999999998,28.023923700000026,12.753109953654816,33.0,medium,male,498350de5b,vehicular,vehicle equipment violation,False,True,False,citation,False,False,False,True,True,True,False,consent,vehicle equipment violation,False,high,70
1837291,2013-04-17_09:47:00,-26.261595999999997,28.03605899999998,23.776329717384534,52.0,tall,male,498350de5b,vehicular,vehicle equipment violation,True,False,True,arrest,False,False,False,False,True,True,False,other,vehicle equipment violation,False,high,72
314586,2012-11-21_20:52:00,-26.264532699999997,28.040851200000006,24.7822740564836,29.0,medium,male,498350de5b,vehicular,vehicle equipment violation,False,True,True,citation,False,False,False,True,True,True,True,consent,vehicle equipment violation,False,high,70
1603698,2010-03-19_01:15:00,-26.264532699999997,28.040851200000006,23.825331221085577,17.0,short,male,498350de5b,vehicular,vehicle equipment violation,True,True,False,arrest,False,False,False,True,True,True,False,consent,vehicle equipment violation,False,high,80
2026543,2010-05-12_04:11:00,-26.24507530000001,28.026594900000006,18.499518611376725,21.0,tall,female,498350de5b,vehicular,vehicle equipment violation,False,True,False,citation,True,True,False,False,True,False,True,consent,vehicle equipment violation,False,high,104
10979,2013-10-11_05:45:00,-26.2204002,28.00979790000001,12.65518921716105,34.0,tall,male,82f2e31c2b,vehicular,vehicle equipment violation,False,False,True,warning,False,False,False,False,True,False,True,plain view,vehicle equipment violation,False,high,69
94668,2010-10-22_20:55:00,-26.260084999999997,28.036628000000007,36.675514644073345,30.0,medium,male,498350de5b,vehicular,vehicle equipment violation,True,True,False,arrest,False,False,False,True,True,True,True,consent,vehicle equipment violation,False,high,78
3027092,2012-09-28_20:57:00,-26.261595999999997,28.03605899999998,18.777986857263638,30.0,tall,male,498350de5b,vehicular,vehicle equipment violation,False,True,True,citation,False,False,False,True,True,True,False,consent,vehicle equipment violation,False,high,71
2174910,2012-05-31_00:48:00,-26.245897499999998,28.03088099999998,22.343305670751157,47.0,short,male,498350de5b,vehicular,vehicle equipment violation,True,False,True,arrest,False,False,False,True,True,True,False,other,vehicle equipment violation,False,high,65
2839880,2012-08-03_00:56:00,-26.245897499999998,28.03088099999998,24.412004719537986,30.0,short,male,498350de5b,vehicular,vehicle equipment violation,True,False,True,arrest,False,False,False,True,True,True,True,consent,vehicle equipment violation,False,high,77
341486,2010-11-23_21:44:00,-26.259157899999998,28.036281200000005,46.48814767205996,32.0,short,male,498350de5b,vehicular,vehicle equipment violation,False,True,False,citation,False,False,False,True,True,True,False,consent,vehicle equipment violation,False,high,76
81231,2010-10-21_00:17:00,-26.272512499999998,28.028819000000027,31.185460764133715,23.0,medium,male,498350de5b,vehicular,moving traffic violation,False,True,True,citation,False,False,False,True,True,True,False,consent,moving traffic violation,False,high,72
602949,2010-12-21_21:02:00,-26.2655655,28.042894700000005,26.13914351880678,24.0,medium,male,498350de5b,vehicular,vehicle equipment violation,True,True,False,arrest,False,False,False,True,True,True,True,other,vehicle equipment violation,False,high,82
129852,2011-10-27_21:29:00,-26.260084999999997,28.036628000000007,25.266225712299292,29.0,medium,male,498350de5b,vehicular,vehicle equipment violation,False,True,False,citation,False,False,False,True,True,True,False,consent,vehicle equipment violation,False,high,83
216484,2010-11-10_00:03:00,-26.2587554,28.04582639999998,23.625423842987242,33.0,medium,male,498350de5b,vehicular,vehicle equipment violation,False,True,False,citation,False,False,False,True,True,True,True,probable cause,vehicle equipment violation,False,high,68
1810063,2010-04-14_20:20:00,-26.260084999999997,28.036628000000007,16.32286987068695,18.0,tall,male,498350de5b,vehicular,vehicle equipment violation,False,True,False,citation,True,True,False,True,True,True,True,consent,vehicle equipment violation,False,high,103
2354697,2010-06-24_23:55:00,-26.25999879999999,28.044358900000006,23.781847617210914,26.0,medium,male,498350de5b,vehicular,vehicle equipment violation,True,True,False,arrest,False,False,False,True,True,True,False,consent,vehicle equipment violation,False,high,76
713195,2010-01-26_20:00:00,-26.247436899999997,28.027790700000025,31.250208406028914,27.0,medium,male,498350de5b,vehicular,seatbelt violation,False,True,False,citation,False,False,False,True,True,True,False,consent,seatbelt violation,False,high,78
371503,2013-11-28_06:03:00,-26.2204002,28.00979790000001,34.70458992214279,66.0,tall,male,82f2e31c2b,vehicular,moving traffic violation,False,False,True,warning,False,False,False,False,True,False,True,plain view,moving traffic violation,False,high,68
2203565,2013-05-06_10:39:00,-26.2422622,28.0067808,22.88851662820631,17.0,short,male,498350de5b,vehicular,seatbelt violation,True,False,True,arrest,False,False,False,True,True,True,True,other,seatbelt violation,False,high,71
1617092,2015-03-20_11:30:00,-26.2597625,28.045545000000004,24.1608227039552,22.0,medium,male,9d1e57a193,vehicular,seatbelt violation,False,True,True,citation,False,False,False,True,True,True,False,probable cause,seatbelt violation,False,high,71
121222,2010-10-26_22:26:00,-26.25999879999999,28.044358900000006,29.875727059509384,27.0,medium,male,498350de5b,vehicular,vehicle equipment violation,False,True,False,citation,False,False,False,True,True,True,False,consent,vehicle equipment violation,False,high,72
483338,2011-11-09_18:43:00,-26.260165399999998,28.034181100000026,17.294541166235945,30.0,short,male,498350de5b,vehicular,vehicle equipment violation,False,True,False,citation,False,False,False,True,True,True,False,consent,vehicle equipment violation,False,high,70
2746095,2010-08-20_01:49:00,-26.261595999999997,28.03605899999998,26.30407174185911,23.0,short,male,498350de5b,vehicular,vehicle equipment violation,False,False,True,warning,False,False,False,True,True,True,False,consent,vehicle equipment violation,False,high,68
471409,2013-01-18_23:05:00,-25.7844592,32.21914609999999,19.82698556728232,35.0,tall,male,d6864f2be6,vehicular,moving traffic violation,False,False,True,warning,False,False,False,False,True,False,True,plain view,moving traffic violation,True,low,65
1828631,2013-04-16_01:25:00,-25.500236099999995,32.264079200000026,25.874068518496035,41.0,medium,male,d6864f2be6,vehicular,moving traffic violation,False,True,False,citation,False,False,False,False,True,False,True,plain view,moving traffic violation,False,low,73
239916,2013-11-01_05:27:00,-25.502339,32.261876,35.23949999773644,33.0,tall,male,6f0e6c9ea2,vehicular,moving traffic violation,True,False,False,arrest,False,False,False,False,True,True,True,other,moving traffic violation,False,low,74
1965790,2011-04-05_11:06:00,-26.00378220000001,32.4404193,44.484621351208766,27.0,medium,male,6f0e6c9ea2,vehicular,moving traffic violation,True,False,False,arrest,False,False,False,True,True,True,True,other,moving traffic violation,False,low,81
293350,2015-11-18_21:56:00,-26.0954689,27.914099800000002,17.248301553341395,43.0,tall,male,82f2e31c2b,vehicular,moving traffic violation,False,False,True,warning,False,False,False,False,True,False,True,plain view,moving traffic violation,False,medium,62
85576,2014-10-21_18:28:00,-26.09694129999999,27.915129800000003,23.45642611007542,61.0,medium,male,82f2e31c2b,vehicular,moving traffic violation,False,False,True,warning,False,False,False,False,True,False,True,plain view,moving traffic violation,False,medium,57
2451231,2015-06-08_20:32:00,-26.1023218,27.933969200000007,19.14909769620953,16.0,medium,male,2b7a7efb70,vehicular,investigative stop,False,False,True,warning,False,False,False,False,True,True,True,consent,investigative stop,False,medium,96
725513,2016-01-26_18:22:00,-26.09694129999999,27.915129800000003,19.733345038360124,39.0,tall,male,82f2e31c2b,vehicular,moving traffic violation,False,False,True,warning,False,False,False,False,True,False,True,plain view,moving traffic violation,False,medium,65
1673087,2015-03-26_00:22:00,-26.0612815,27.870141000000004,40.35672238040825,21.0,tall,female,82f2e31c2b,vehicular,moving traffic violation,False,False,True,warning,False,False,False,False,True,False,True,plain view,moving traffic violation,False,medium,61
1942262,2010-04-30_20:10:00,-25.9528684,27.74147640000001,23.978782702753918,24.0,medium,female,6f0e6c9ea2,vehicular,vehicle equipment violation,True,False,False,arrest,False,False,False,False,True,False,True,other,vehicle equipment violation,False,medium,72
1992756,2014-04-08_12:21:00,-26.09694129999999,27.915129800000003,15.416671306984426,33.0,tall,male,82f2e31c2b,vehicular,moving traffic violation,False,False,True,warning,False,False,False,False,True,False,True,plain view,moving traffic violation,False,medium,59
85650,2014-10-21_19:44:00,-26.09694129999999,27.915129800000003,25.60192152526461,52.0,tall,male,82f2e31c2b,vehicular,moving traffic violation,False,False,True,warning,False,False,False,False,True,False,True,plain view,moving traffic violation,False,medium,56
576829,2012-12-18_15:19:00,-26.09694129999999,27.915129800000003,37.823976745864215,52.0,tall,female,82f2e31c2b,vehicular,moving traffic violation,False,False,True,warning,False,False,False,False,True,False,True,plain view,moving traffic violation,False,medium,59
2819936,2013-08-29_08:16:00,-26.034948399999998,27.92030570000003,26.489966382926582,40.0,tall,female,b3d18aa8ec,vehicular,investigative stop,False,False,True,warning,False,False,False,False,True,False,True,plain view,investigative stop,False,medium,63
781757,2012-01-31_17:00:00,-26.102853499999995,27.894189100000006,22.088217033405396,31.0,tall,male,82f2e31c2b,vehicular,moving traffic violation,False,False,True,warning,False,False,False,False,True,False,True,plain view,moving traffic violation,False,medium,50
2837556,2010-08-03_16:37:00,-26.102853499999995,27.894189100000006,28.54630377802552,42.0,tall,female,82f2e31c2b,vehicular,moving traffic violation,False,False,True,warning,False,False,False,False,True,False,True,plain view,moving traffic violation,False,medium,60
1337813,2013-02-12_18:44:00,-26.09694129999999,27.915129800000003,22.86618672586278,34.0,medium,female,82f2e31c2b,vehicular,moving traffic violation,False,False,True,warning,False,False,False,False,True,False,True,plain view,moving traffic violation,False,medium,62
781793,2012-01-31_17:17:00,-26.119812599999996,27.85717530000001,33.56561936645686,46.0,tall,male,82f2e31c2b,vehicular,moving traffic violation,False,False,True,warning,False,False,False,False,True,False,True,plain view,moving traffic violation,False,medium,58
1388068,2011-02-19_20:06:00,-25.8002294,27.370547200000004,18.70131869779641,60.0,medium,female,01aa59bb70,vehicular,vehicle equipment violation,False,False,True,warning,False,False,False,False,True,False,True,probable cause,vehicle equipment violation,True,medium,69
1944429,2012-04-30_19:44:00,-26.0504179,27.94641949999999,26.226898377872484,27.0,medium,male,d6864f2be6,vehicular,vehicle equipment violation,False,True,True,citation,False,False,False,True,True,True,True,consent,vehicle equipment violation,False,medium,57
838596,2016-01-08_22:45:00,-26.09694129999999,27.915129800000003,27.93534020098341,39.0,tall,male,82f2e31c2b,vehicular,moving traffic violation,False,False,True,warning,False,False,False,False,True,False,True,plain view,moving traffic violation,False,medium,53
889720,2017-02-24_13:24:00,-26.102853499999995,27.894189100000006,26.44147580328141,28.0,tall,male,9d1e57a193,vehicular,moving traffic violation,False,False,True,warning,False,False,False,True,True,True,True,consent,moving traffic violation,False,medium,63
2550100,2012-07-02_02:29:00,-26.0642937,27.89914850000001,45.253278218549895,20.0,tall,female,d6864f2be6,vehicular,moving traffic violation,False,False,True,warning,False,False,False,False,True,False,True,plain view,moving traffic violation,False,medium,82
2816115,2010-08-29_03:12:00,-25.9528684,27.74147640000001,28.187894248188687,34.0,short,male,82f2e31c2b,vehicular,moving traffic violation,False,False,True,warning,False,False,False,False,True,False,True,plain view,moving traffic violation,False,medium,67
2002019,2014-04-09_19:23:00,-26.119812599999996,27.85717530000001,17.767645867138715,43.0,tall,female,82f2e31c2b,vehicular,moving traffic violation,False,False,True,warning,False,False,False,False,True,False,True,plain view,moving traffic violation,False,medium,57
784335,2014-01-31_14:17:00,-26.102853499999995,27.894189100000006,21.995557116369355,40.0,tall,female,82f2e31c2b,vehicular,moving traffic violation,False,False,True,warning,False,False,False,False,True,False,True,plain view,moving traffic violation,False,medium,59
228370,2014-11-11_15:26:00,-26.119812599999996,27.85717530000001,27.52488668727527,70.0,tall,male,82f2e31c2b,vehicular,moving traffic violation,False,False,True,warning,False,False,False,False,True,False,True,plain view,moving traffic violation,False,medium,63
2665913,2013-07-09_16:50:00,-26.09694129999999,27.915129800000003,18.037046366156606,57.0,tall,male,82f2e31c2b,vehicular,moving traffic violation,False,False,True,warning,False,False,False,False,True,False,True,plain view,moving traffic violation,False,medium,57
1323758,2014-02-11_15:59:00,-26.09694129999999,27.915129800000003,13.731533483085718,43.0,tall,female,82f2e31c2b,vehicular,moving traffic violation,False,False,True,warning,False,False,False,False,True,False,True,plain view,moving traffic violation,False,medium,55
1792934,2016-04-01_18:18:00,-26.132945299999996,27.90185520000003,19.67917857229021,26.0,medium,female,d6864f2be6,vehicular,vehicle equipment violation,False,False,True,warning,False,False,False,False,True,False,True,plain view,vehicle equipment violation,False,medium,81
2994541,2015-09-23_10:01:00,-26.090967299999996,27.950078100000027,28.54560744514931,39.0,medium,male,2b7a7efb70,vehicular,moving traffic violation,False,False,True,warning,False,False,False,False,True,True,True,consent,moving traffic violation,False,high,91
2444155,2016-06-07_22:41:00,-26.0948907,27.971695200000028,36.743017641697705,30.0,medium,female,d6864f2be6,vehicular,vehicle equipment violation,False,False,True,warning,False,False,False,False,True,False,True,plain view,vehicle equipment violation,False,high,84
1484794,2015-02-04_20:02:00,-26.086056,27.97330790000001,32.218191097424906,24.0,medium,male,d6864f2be6,vehicular,vehicle equipment violation,False,False,True,warning,False,False,False,False,True,False,True,plain view,vehicle equipment violation,True,high,73
757587,2016-01-28_14:32:00,-26.071581099999996,27.953301600000003,14.634980348651526,33.0,short,male,2b7a7efb70,vehicular,vehicle equipment violation,False,False,True,warning,False,False,False,False,True,True,False,consent,vehicle equipment violation,False,high,94
808089,2012-01-05_20:25:00,-26.0997158,27.984223199999988,29.389819393065,46.0,tall,male,01aa59bb70,vehicular,moving traffic violation,False,True,False,citation,True,False,False,False,True,True,True,consent,moving traffic violation,False,high,61
755801,2015-01-28_17:19:00,-26.088499499999998,27.963228500000028,24.36884087699759,37.0,medium,female,d6864f2be6,vehicular,moving traffic violation,False,False,True,warning,False,False,False,False,True,False,True,plain view,moving traffic violation,False,high,59
1614965,2013-03-20_17:08:00,-26.144787,27.974792800000003,20.995788902322147,23.0,tall,male,2b7a7efb70,vehicular,moving traffic violation,False,False,True,warning,False,False,False,False,True,True,False,consent,moving traffic violation,False,high,91
1829157,2013-04-16_19:02:00,-26.125706899999997,27.968657300000004,46.705165848015795,35.0,medium,male,2b7a7efb70,vehicular,moving traffic violation,True,True,False,arrest,True,True,True,True,True,True,True,probable cause,moving traffic violation,False,high,182
2071453,2011-05-18_05:50:00,-26.1443521,27.982442600000027,16.803783487077965,35.0,tall,male,9d1e57a193,vehicular,moving traffic violation,True,False,True,arrest,True,True,False,True,True,True,True,probable cause,moving traffic violation,False,high,92
2958578,2013-09-19_13:40:00,-26.136397099999996,27.96674089999999,29.43214458054888,33.0,tall,male,01aa59bb70,vehicular,vehicle equipment violation,False,False,True,warning,False,False,False,False,True,True,True,consent,vehicle equipment violation,False,high,75
2459561,2016-06-09_21:37:00,-26.1159004,27.950649700000028,25.162632210801906,66.0,medium,female,d6864f2be6,vehicular,vehicle equipment violation,False,False,True,warning,False,False,False,False,True,False,True,plain view,vehicle equipment violation,False,high,71
2229418,2014-05-09_20:55:00,-26.0892719,27.972359900000043,29.7861635612815,37.0,medium,female,d6864f2be6,vehicular,vehicle equipment violation,False,False,True,warning,False,False,False,False,True,False,True,plain view,vehicle equipment violation,False,high,65
406177,2011-11-04_15:19:00,-26.1275701,27.990881799999983,18.011270117545436,18.0,medium,male,01aa59bb70,vehicular,seatbelt violation,False,True,False,citation,False,False,False,False,True,True,True,consent,seatbelt violation,False,high,74
763550,2012-12-09_06:33:00,-26.1371811,27.984326700000025,21.96864313587799,23.0,medium,male,2b7a7efb70,vehicular,vehicle equipment violation,True,False,True,arrest,False,False,False,False,True,True,True,consent,vehicle equipment violation,False,high,85
979564,2017-07-05_13:27:00,-26.08878,27.962102700000003,31.482790048958446,24.0,medium,male,2b7a7efb70,vehicular,moving traffic violation,False,False,True,warning,False,False,False,False,True,True,True,probable cause,moving traffic violation,False,high,90
2128697,2016-05-24_22:43:00,-26.099773899999995,27.95918709999998,34.883434063528455,27.0,medium,male,d6864f2be6,vehicular,moving traffic violation,False,True,True,citation,False,False,False,False,True,False,True,plain view,moving traffic violation,False,high,76
839156,2016-01-08_16:53:00,-26.141076700000006,27.95687579999999,16.479027305252078,62.0,medium,female,d6864f2be6,vehicular,vehicle equipment violation,False,False,True,warning,False,False,False,False,True,False,True,plain view,vehicle equipment violation,False,high,80
2087895,2012-05-20_16:37:00,-26.1254482,27.961385000000007,30.0523488950482,39.0,medium,male,3ce33785e5,vehicular,seatbelt violation,False,False,True,warning,False,False,False,True,True,True,True,consent,seatbelt violation,False,high,72
2266636,2013-06-13_20:56:00,-26.096484099999998,27.9486048,19.484807785776976,27.0,medium,female,d6864f2be6,vehicular,vehicle equipment violation,False,False,True,warning,False,False,False,False,True,False,True,plain view,vehicle equipment violation,False,high,74
1847432,2016-04-18_22:43:00,-26.086056,27.97330790000001,17.84881951121831,46.0,medium,male,d6864f2be6,vehicular,vehicle equipment violation,False,False,True,warning,False,False,False,False,True,False,True,plain view,vehicle equipment violation,False,high,82
165193,2013-10-03_16:07:00,-26.146164299999995,27.97982350000001,25.501637304148748,31.0,medium,male,2b7a7efb70,vehicular,moving traffic violation,False,True,True,citation,False,False,False,False,True,True,True,consent,moving traffic violation,False,high,98
11254,2013-10-11_20:09:00,-26.1384269,28.002346700000004,18.721068583724012,40.0,medium,female,2b7a7efb70,vehicular,moving traffic violation,False,True,True,citation,False,False,False,False,True,False,True,probable cause,moving traffic violation,False,high,77
1438235,2012-02-25_18:00:00,-26.1473663,27.994343200000003,38.27049807999303,28.0,medium,male,2b7a7efb70,vehicular,moving traffic violation,False,True,True,citation,True,True,False,False,True,True,True,consent,moving traffic violation,False,high,115
1345382,2013-02-13_17:23:00,-26.1360355,27.962580000000003,21.15515853839672,32.0,medium,male,2b7a7efb70,vehicular,moving traffic violation,True,True,True,arrest,True,True,False,False,True,True,True,consent,moving traffic violation,False,high,107
576586,2012-12-18_23:59:00,-26.1355912,27.97701490000003,22.23516814961427,35.0,medium,male,2b7a7efb70,vehicular,moving traffic violation,False,True,False,citation,True,True,False,True,True,True,True,consent,moving traffic violation,False,high,141
1463339,2013-02-28_15:58:00,-26.1473663,27.994343200000003,18.87480057084537,29.0,tall,male,2b7a7efb70,vehicular,moving traffic violation,False,False,True,warning,False,False,False,False,True,True,True,consent,moving traffic violation,False,high,74
2459538,2016-06-09_21:26:00,-26.097323099999997,27.94854509999999,31.522862217597122,57.0,medium,male,d6864f2be6,vehicular,vehicle equipment violation,False,False,True,warning,False,False,False,False,True,False,True,plain view,vehicle equipment violation,False,high,67
144563,2013-10-29_23:44:00,-26.112563799999997,27.948485600000026,25.53607774186864,27.0,medium,male,d6864f2be6,vehicular,moving traffic violation,False,False,True,warning,False,False,False,False,True,False,True,plain view,moving traffic violation,False,high,73
783074,2013-01-31_16:13:00,-26.1251745,27.976368500000007,37.35505377330582,43.0,medium,male,2b7a7efb70,vehicular,moving traffic violation,False,True,True,citation,True,True,False,False,True,True,False,consent,moving traffic violation,False,high,105
1617267,2015-03-20_01:42:00,-26.0996752,27.956179300000002,21.106994283483704,37.0,medium,female,d6864f2be6,vehicular,vehicle equipment violation,False,False,True,warning,False,False,False,False,True,False,True,plain view,vehicle equipment violation,False,high,70
1952613,2013-04-03_22:55:00,-26.097323099999997,27.94854509999999,23.82422453753133,27.0,tall,female,d6864f2be6,vehicular,vehicle equipment violation,False,False,True,warning,False,False,False,False,True,False,True,plain view,vehicle equipment violation,False,high,76
1892551,2013-04-23_21:02:00,-26.143302399999996,27.965562100000028,31.31001743230816,19.0,medium,female,2b7a7efb70,vehicular,vehicle equipment violation,False,True,True,citation,False,False,False,False,True,True,True,consent,vehicle equipment violation,False,high,76
427555,2013-01-15_21:13:00,-26.136017299999992,27.968177900000043,31.43236085409479,33.0,medium,male,2b7a7efb70,vehicular,vehicle equipment violation,True,True,True,arrest,True,True,False,False,True,True,True,consent,vehicle equipment violation,False,high,93
1816244,2016-04-14_00:32:00,-26.090967299999996,27.950078100000027,33.730988382059884,29.0,medium,female,d6864f2be6,vehicular,vehicle equipment violation,False,False,True,warning,False,False,False,True,True,True,True,plain view,vehicle equipment violation,False,high,77
1500319,2015-02-06_01:26:00,-26.0996752,27.956179300000002,21.93742684050219,39.0,medium,female,d6864f2be6,vehicular,vehicle equipment violation,False,False,True,warning,False,False,False,False,True,False,True,plain view,vehicle equipment violation,False,high,72
275675,2012-11-16_22:57:00,-26.100649599999997,27.97072199999998,21.16856070341713,30.0,medium,male,d6864f2be6,vehicular,vehicle equipment violation,False,False,True,warning,False,False,False,False,True,False,True,plain view,vehicle equipment violation,False,high,77
2980517,2015-09-02_11:03:00,-26.095112999999998,27.956737100000026,34.33784567040047,20.0,medium,male,2b7a7efb70,vehicular,moving traffic violation,False,False,True,warning,False,False,False,False,True,True,True,consent,moving traffic violation,False,high,71
219050,2012-11-10_23:03:00,-26.213526999999992,28.03235579999999,32.241217620308014,36.0,tall,male,82f2e31c2b,vehicular,vehicle equipment violation,False,False,True,warning,False,False,False,False,True,False,True,plain view,vehicle equipment violation,False,high,63
1011230,2017-08-17_10:18:00,-26.1798335,28.02512490000001,21.01523581580686,22.0,medium,male,93ef5d6182,vehicular,seatbelt violation,False,True,False,citation,True,True,False,True,True,True,True,probable cause,seatbelt violation,False,high,96
1618407,2016-03-20_18:07:00,-26.16143430000001,28.039831300000003,39.58629147886888,26.0,tall,male,b3d18aa8ec,vehicular,moving traffic violation,False,False,True,warning,False,False,False,False,True,False,True,plain view,moving traffic violation,False,high,74
70000,2012-10-19_23:03:00,-26.205197399999996,28.021462500000027,22.509801360500635,21.0,medium,male,82f2e31c2b,vehicular,vehicle equipment violation,False,False,True,warning,False,False,False,False,True,False,True,plain view,vehicle equipment violation,False,high,58
1987675,2016-04-07_16:33:00,-26.177827799999996,28.05787660000003,22.590581633234166,21.0,short,female,b3d18aa8ec,vehicular,moving traffic violation,False,False,True,warning,False,False,False,False,True,False,True,plain view,moving traffic violation,False,high,82
570204,2012-12-17_13:41:00,-26.165315399999997,28.066198400000005,27.03919971723965,34.0,tall,male,93ef5d6182,vehicular,seatbelt violation,True,False,True,arrest,False,False,False,True,True,True,True,consent,seatbelt violation,False,high,76
1509483,2016-02-07_19:28:00,-26.178287100000006,28.053031200000007,23.564441673181538,47.0,tall,male,b3d18aa8ec,vehicular,moving traffic violation,False,False,True,warning,False,False,False,False,True,False,True,plain view,moving traffic violation,False,high,75
1648526,2015-03-23_16:06:00,-26.1792052,28.037421200000026,27.341275120413375,27.0,tall,male,b3d18aa8ec,vehicular,registration,False,False,True,warning,False,False,False,False,True,False,True,plain view,registration,False,high,84
339945,2015-11-22_21:51:00,-26.160637799999996,28.050117500000027,23.07659032097098,57.0,medium,female,b3d18aa8ec,vehicular,vehicle equipment violation,False,False,True,warning,False,False,False,False,True,False,True,plain view,vehicle equipment violation,False,high,67
379192,2016-11-29_09:03:00,-26.157739999999997,28.05938399999998,20.01138583180657,31.0,short,female,93ef5d6182,vehicular,moving traffic violation,False,True,True,citation,True,True,False,True,True,True,True,probable cause,moving traffic violation,False,high,95
2029321,2013-05-12_00:13:00,-26.207926,28.027581000000026,49.865836970602125,45.0,tall,male,82f2e31c2b,vehicular,moving traffic violation,False,False,True,warning,False,False,False,False,True,False,True,plain view,moving traffic violation,False,high,63
2446066,2010-06-08_08:36:00,-26.194223899999997,27.997577300000003,26.67916064507463,24.0,medium,male,498350de5b,vehicular,vehicle equipment violation,False,True,False,citation,False,False,False,True,True,True,True,consent,vehicle equipment violation,False,high,73
2541064,2016-07-20_20:43:00,-26.174796,28.058098,21.051240516443347,25.0,tall,male,b3d18aa8ec,vehicular,vehicle equipment violation,False,False,True,warning,False,False,False,False,True,False,True,plain view,vehicle equipment violation,False,high,72
2761427,2011-08-02_15:57:00,-26.1761658,28.044540799999965,21.075704346589223,23.0,tall,male,82f2e31c2b,vehicular,moving traffic violation,False,False,True,warning,False,False,False,False,True,False,True,plain view,moving traffic violation,False,high,64
1296868,2018-12-27_12:11:00,-26.2222594,28.0531153,24.412892317450332,39.0,short,female,498350de5b,vehicular,moving traffic violation,True,True,False,arrest,False,False,False,True,True,True,False,other,moving traffic violation,False,high,74
2018037,2016-05-11_11:41:00,-26.199751,28.0150833,21.33339309361194,22.0,tall,female,b3d18aa8ec,vehicular,vehicle equipment violation,False,False,True,warning,False,False,False,False,True,False,True,plain view,vehicle equipment violation,False,high,76
2567340,2014-07-23_15:36:00,-26.1761282,28.04482249999998,30.033088626457573,44.0,tall,female,b3d18aa8ec,vehicular,registration,False,False,True,warning,False,False,False,False,True,False,True,plain view,registration,False,high,80
2452330,2016-06-08_21:11:00,-26.176804499999996,28.04695980000001,18.55536779043317,29.0,medium,male,b3d18aa8ec,vehicular,moving traffic violation,True,False,False,arrest,False,False,False,False,True,False,True,plain view,moving traffic violation,False,high,70
876013,2017-02-07_18:17:00,-26.1975988,28.010663000000008,45.838189563653415,44.0,tall,female,b3d18aa8ec,vehicular,moving traffic violation,True,False,True,arrest,False,False,False,False,True,False,True,other,moving traffic violation,False,high,71
682185,2015-12-03_20:50:00,-26.207926,28.027581000000026,30.476430553907697,39.0,medium,female,b3d18aa8ec,vehicular,registration,False,False,True,warning,False,False,False,False,True,False,True,plain view,registration,False,high,75
2840708,2012-08-03_08:08:00,-26.138350799999998,28.042903600000002,22.157806752152386,23.0,medium,male,93ef5d6182,vehicular,vehicle equipment violation,False,True,True,citation,False,False,False,True,True,True,True,consent,vehicle equipment violation,False,high,73
2537631,2012-07-20_15:52:00,-26.16143430000001,28.039831300000003,36.95335508793154,22.0,tall,male,82f2e31c2b,vehicular,moving traffic violation,False,False,True,warning,False,False,False,False,True,False,True,plain view,moving traffic violation,True,high,65
2546566,2015-07-21_18:42:00,-26.177827799999996,28.05787660000003,16.944581029459865,25.0,medium,female,b3d18aa8ec,vehicular,moving traffic violation,False,False,True,warning,False,False,False,False,True,False,True,plain view,moving traffic violation,False,high,74
2683867,2016-08-11_20:51:00,-26.207926,28.027581000000026,28.386659493424272,27.0,medium,male,b3d18aa8ec,vehicular,vehicle equipment violation,False,False,True,warning,False,False,False,False,True,False,True,plain view,vehicle equipment violation,False,high,80
2547601,2016-07-21_19:52:00,-26.20325379999999,28.018982800000003,28.89022113047066,64.0,tall,female,b3d18aa8ec,vehicular,seatbelt violation,False,False,True,warning,False,False,False,False,True,False,True,plain view,seatbelt violation,False,high,78
2696757,2016-08-12_10:51:00,-26.1609385,28.047615800000003,18.69258075914742,65.0,tall,male,b3d18aa8ec,vehicular,moving traffic violation,False,False,True,warning,False,False,False,False,True,False,True,plain view,moving traffic violation,False,high,73
2443843,2015-06-07_18:44:00,-26.1609385,28.047615800000003,26.53049821777748,26.0,tall,male,b3d18aa8ec,vehicular,vehicle equipment violation,False,False,True,warning,False,False,False,False,True,False,True,plain view,vehicle equipment violation,False,high,71
1961642,2014-04-04_22:50:00,-26.209088199999997,28.02645009999999,23.634705833311795,52.0,medium,,82f2e31c2b,vehicular,vehicle equipment violation,False,False,True,warning,False,False,False,False,True,False,True,plain view,vehicle equipment violation,False,high,75
1371024,2016-02-16_21:57:00,-26.182279199999996,28.02498070000003,40.2531642629467,25.0,tall,male,b3d18aa8ec,vehicular,moving traffic violation,False,False,True,warning,False,False,False,False,True,False,True,plain view,moving traffic violation,False,high,81
368394,2010-11-28_23:18:00,-26.2081393,28.0259293,28.323169624748886,20.0,medium,male,93ef5d6182,vehicular,vehicle equipment violation,False,False,True,warning,False,False,False,True,True,True,True,consent,vehicle equipment violation,False,high,71
757294,2016-12-08_12:32:00,-26.157739999999997,28.05938399999998,36.06820862601606,18.0,short,male,93ef5d6182,vehicular,moving traffic violation,False,False,True,warning,False,False,False,True,True,True,True,probable cause,moving traffic violation,False,high,73
781679,2012-01-31_16:18:00,-26.16143430000001,28.039831300000003,12.116538577115803,35.0,tall,female,82f2e31c2b,vehicular,moving traffic violation,False,True,True,citation,False,False,False,False,True,True,True,plain view,moving traffic violation,False,high,78
738466,2014-12-07_21:23:00,-26.1975988,28.010663000000008,19.386100001283186,47.0,tall,male,82f2e31c2b,vehicular,moving traffic violation,False,False,True,warning,False,False,False,False,True,False,True,plain view,moving traffic violation,False,high,68
2618590,2012-07-31_21:00:00,-26.19123720000001,28.000641200000004,17.900289218559276,18.0,medium,male,82f2e31c2b,vehicular,moving traffic violation,False,False,True,warning,False,False,False,False,True,False,True,plain view,moving traffic violation,False,high,64
246652,2010-11-12_05:56:00,-26.191014200000005,27.997007700000026,22.941621272558802,22.0,tall,female,82f2e31c2b,vehicular,moving traffic violation,False,False,True,warning,False,False,False,False,True,False,True,plain view,moving traffic violation,False,high,60
1444633,2010-02-26_08:10:00,-26.1761658,28.044540799999965,28.90315921691615,27.0,tall,male,82f2e31c2b,vehicular,moving traffic violation,False,False,True,warning,False,False,False,False,True,False,True,plain view,moving traffic violation,True,high,57
2702763,2015-08-13_12:04:00,-26.207926,28.027581000000026,14.116181896799777,31.0,medium,male,498350de5b,vehicular,moving traffic violation,False,True,False,citation,False,False,False,True,True,True,False,consent,moving traffic violation,False,high,80
2910879,2014-09-12_07:50:00,-26.173878699999996,28.048880000000025,27.39298349013745,28.0,medium,female,93ef5d6182,vehicular,vehicle equipment violation,True,False,True,arrest,False,False,False,False,True,False,True,probable cause,vehicle equipment violation,False,high,74
2738063,2016-08-18_18:04:00,-26.20325379999999,28.018982800000003,13.842000571137827,27.0,tall,male,b3d18aa8ec,vehicular,registration,False,False,True,warning,False,False,False,False,True,False,True,plain view,registration,False,high,71
786182,2016-01-31_17:25:00,-26.177827799999996,28.05787660000003,30.358347696037242,37.0,tall,male,b3d18aa8ec,vehicular,moving traffic violation,False,False,True,warning,False,False,False,False,True,False,True,plain view,moving traffic violation,False,high,74
2135469,2015-05-25_21:09:00,-26.178692999999996,28.058816500000006,18.08076352872649,27.0,medium,female,b3d18aa8ec,vehicular,moving traffic violation,False,True,False,citation,True,True,False,True,True,True,True,probable cause,moving traffic violation,False,high,126
2856320,2015-08-05_20:20:00,-26.1763451,28.039568099999983,27.68810113981372,48.0,tall,male,b3d18aa8ec,vehicular,moving traffic violation,False,False,True,warning,False,False,False,False,True,False,True,plain view,moving traffic violation,False,high,62
1801043,2016-04-12_21:42:00,-26.182633399999986,28.064054900000016,45.84609125789013,24.0,medium,female,b3d18aa8ec,vehicular,vehicle equipment violation,False,False,True,warning,False,False,False,True,True,True,True,probable cause,vehicle equipment violation,False,high,72
770947,2015-12-09_20:20:00,-26.176735799999996,28.04239570000003,34.958367655364476,27.0,medium,male,b3d18aa8ec,vehicular,moving traffic violation,False,False,True,warning,False,False,False,False,True,False,True,plain view,moving traffic violation,False,high,76
2856377,2015-08-05_08:55:00,-26.15225010000001,28.053296700000004,22.20183050393301,22.0,tall,male,93ef5d6182,vehicular,moving traffic violation,False,True,True,citation,False,False,False,True,True,True,False,consent,moving traffic violation,False,high,76
9037,2012-10-11_10:55:00,-26.20325379999999,28.018982800000003,18.463342722406562,23.0,short,male,93ef5d6182,vehicular,moving traffic violation,False,True,True,citation,False,False,False,True,True,True,True,consent,moving traffic violation,False,high,69
427592,2013-11-05_21:21:00,-26.207926,28.027581000000026,19.91470782323991,50.0,tall,male,82f2e31c2b,vehicular,moving traffic violation,False,False,True,warning,False,False,False,False,True,False,True,plain view,moving traffic violation,False,high,62
1615058,2013-03-20_06:00:00,-26.207926,28.027581000000026,35.047874847549295,35.0,tall,male,82f2e31c2b,vehicular,moving traffic violation,False,False,True,warning,False,False,False,False,True,False,True,plain view,moving traffic violation,False,high,63
744051,2010-01-28_02:22:00,-26.2222594,28.0531153,32.67189092740984,19.0,tall,male,93ef5d6182,vehicular,moving traffic violation,False,True,False,citation,True,True,False,True,True,True,True,probable cause,moving traffic violation,False,high,99
379401,2010-11-30_23:22:00,-26.179524999999998,28.065523099999965,36.283422931209955,20.0,medium,male,93ef5d6182,vehicular,vehicle equipment violation,False,True,True,citation,True,True,False,True,True,True,True,consent,vehicle equipment violation,False,high,101
1528012,2012-03-10_06:32:00,-26.19123720000001,28.000641200000004,31.473902047670265,24.0,tall,male,82f2e31c2b,vehicular,moving traffic violation,False,False,True,warning,False,False,False,False,True,False,True,plain view,moving traffic violation,False,high,52
1240732,2018-08-09_09:08:00,-26.157739999999997,28.05938399999998,32.25615007231039,64.0,tall,female,93ef5d6182,vehicular,moving traffic violation,False,False,True,warning,False,False,False,False,True,False,True,probable cause,moving traffic violation,False,high,73
1412283,2015-02-02_20:17:00,-26.176804499999996,28.04695980000001,26.49031343003839,39.0,short,male,b3d18aa8ec,vehicular,vehicle equipment violation,False,True,False,citation,True,False,False,True,True,True,True,probable cause,vehicle equipment violation,False,high,75
1023881,2017-09-06_10:22:00,-26.205409699999997,28.0299818,29.826175512675906,33.0,tall,female,93ef5d6182,vehicular,moving traffic violation,False,False,True,warning,False,False,False,True,True,True,True,consent,moving traffic violation,False,high,72
370012,2012-11-28_23:25:00,-26.207926,28.027581000000026,25.05817159335922,25.0,tall,male,3ce33785e5,vehicular,moving traffic violation,False,False,True,warning,False,False,False,True,True,True,False,consent,moving traffic violation,False,high,77
1567446,2013-03-14_14:05:00,-26.1622894,28.06672359999999,25.111753966042254,48.0,medium,male,93ef5d6182,vehicular,seatbelt violation,False,False,True,warning,False,False,False,True,True,True,True,consent,seatbelt violation,False,high,64
237722,2012-11-01_18:48:00,-26.16143430000001,28.039831300000003,30.085684747162386,28.0,medium,male,82f2e31c2b,vehicular,moving traffic violation,False,False,True,warning,False,False,False,False,True,False,True,plain view,moving traffic violation,False,high,66
118504,2013-10-25_17:17:00,-26.207926,28.027581000000026,29.422542474262485,40.0,tall,female,82f2e31c2b,vehicular,moving traffic violation,False,False,True,warning,False,False,False,False,True,False,True,plain view,moving traffic violation,False,high,74
1373452,2011-02-17_20:01:00,-26.207926,28.027581000000026,24.820943490558225,62.0,tall,male,82f2e31c2b,vehicular,moving traffic violation,False,False,True,warning,False,False,False,False,True,False,True,plain view,moving traffic violation,False,high,72
2395216,2013-06-29_22:49:00,-26.196057599999996,28.007397499999982,25.782916969644948,21.0,medium,male,82f2e31c2b,vehicular,moving traffic violation,False,False,True,warning,False,False,False,False,True,False,True,plain view,moving traffic violation,False,high,69
786283,2016-01-31_20:46:00,-26.173878699999996,28.048880000000025,21.482182592538916,59.0,tall,male,b3d18aa8ec,vehicular,vehicle equipment violation,False,False,True,warning,False,False,False,False,True,False,True,plain view,vehicle equipment violation,False,high,68
654725,2012-12-29_06:15:00,-26.207926,28.027581000000026,33.10974154283141,58.0,medium,female,82f2e31c2b,vehicular,moving traffic violation,False,False,True,warning,False,False,False,False,True,False,True,plain view,moving traffic violation,False,high,62
2018039,2016-05-11_11:41:00,-26.2035049,28.029456600000003,31.372434142921712,51.0,tall,male,b3d18aa8ec,vehicular,moving traffic violation,False,False,True,warning,False,False,False,False,True,False,True,plain view,moving traffic violation,False,high,69
1784154,2016-04-11_16:48:00,-26.213526999999992,28.03235579999999,35.603380012671465,25.0,tall,male,b3d18aa8ec,vehicular,vehicle equipment violation,False,False,True,warning,False,False,False,False,True,False,True,consent,vehicle equipment violation,False,high,74
2146151,2013-05-27_01:00:00,-26.197387699999986,28.003047599999988,25.242541831667193,19.0,short,male,82f2e31c2b,vehicular,moving traffic violation,False,True,False,citation,False,False,False,False,True,False,True,plain view,moving traffic violation,False,high,67
1618491,2016-03-20_20:41:00,-26.177827799999996,28.05787660000003,42.49749910847369,74.0,tall,male,b3d18aa8ec,vehicular,moving traffic violation,False,False,True,warning,False,False,False,False,True,False,True,plain view,moving traffic violation,False,high,71
1862428,2016-04-20_17:24:00,-26.179524999999998,28.065523099999965,37.02039122304822,23.0,medium,female,b3d18aa8ec,vehicular,moving traffic violation,False,True,True,citation,False,False,False,True,True,True,True,probable cause,moving traffic violation,False,high,83
2308960,2011-06-19_05:25:00,-26.1942497,28.001865200000026,13.899740432954555,20.0,tall,male,82f2e31c2b,vehicular,moving traffic violation,False,False,True,warning,False,False,False,False,True,False,True,plain view,moving traffic violation,False,high,54
622323,2015-12-02_19:34:00,-26.1761658,28.044540799999965,25.111785190156503,49.0,medium,male,b3d18aa8ec,vehicular,moving traffic violation,False,False,True,warning,False,False,False,False,True,False,True,plain view,moving traffic violation,False,high,68
2736832,2015-08-18_14:47:00,-26.1761658,28.044540799999965,30.88767416023213,38.0,tall,male,82f2e31c2b,vehicular,moving traffic violation,False,False,True,warning,False,False,False,False,True,False,True,plain view,moving traffic violation,False,high,68
1441998,2015-02-25_05:48:00,-26.192988999999997,28.005044000000026,19.40675690798598,25.0,medium,female,82f2e31c2b,vehicular,vehicle equipment violation,False,False,True,warning,False,False,False,False,True,False,True,plain view,vehicle equipment violation,False,high,65
1319083,2010-02-11_13:45:00,-26.1734345,28.06499559999999,25.407331989196685,31.0,tall,female,6f0e6c9ea2,vehicular,seatbelt violation,False,True,False,citation,True,True,False,False,True,False,True,consent,seatbelt violation,False,high,90
56063,2012-10-17_02:07:00,-26.192988999999997,28.005044000000026,25.006806029665587,56.0,tall,male,82f2e31c2b,vehicular,moving traffic violation,False,False,True,warning,False,False,False,False,True,False,True,plain view,moving traffic violation,False,high,62
478463,2016-01-18_19:00:00,-26.177878899999996,28.023952599999987,26.833824696006555,50.0,medium,male,b3d18aa8ec,vehicular,vehicle equipment violation,False,False,True,warning,False,False,False,False,True,False,True,plain view,vehicle equipment violation,False,high,59
238069,2012-11-01_20:18:00,-26.138350799999998,28.042903600000002,35.149549151616114,37.0,tall,female,82f2e31c2b,vehicular,moving traffic violation,False,False,True,warning,False,False,False,False,True,False,True,plain view,moving traffic violation,False,high,69
2839936,2012-08-03_01:43:00,-26.213526999999992,28.03235579999999,27.436348836584326,24.0,medium,male,3ce33785e5,vehicular,vehicle equipment violation,False,False,True,warning,False,False,False,True,True,True,True,consent,vehicle equipment violation,True,high,81
1300470,2019-01-16_14:21:00,-26.207926,28.027581000000026,26.62759447364034,25.0,medium,female,498350de5b,vehicular,moving traffic violation,True,True,False,arrest,False,False,False,True,True,True,False,other,moving traffic violation,False,high,75
2345709,2016-06-22_22:08:00,-26.199475199999995,28.01234240000001,25.568791397178344,18.0,medium,male,b3d18aa8ec,vehicular,seatbelt violation,False,False,True,warning,False,False,False,False,True,False,True,plain view,seatbelt violation,False,high,72
430012,2014-11-05_19:50:00,-26.191014200000005,27.997007700000026,22.94631114963113,25.0,tall,male,b3d18aa8ec,vehicular,registration,False,True,False,citation,False,False,False,False,True,False,True,plain view,registration,False,high,75
2736826,2015-08-18_14:38:00,-26.207926,28.027581000000026,16.364565915440572,29.0,tall,male,82f2e31c2b,vehicular,moving traffic violation,False,False,True,warning,False,False,False,False,True,False,True,plain view,moving traffic violation,False,high,68
275971,2012-11-16_00:35:00,-26.1947034,28.008470400000007,26.403805471075593,22.0,medium,male,3ce33785e5,vehicular,registration,True,False,True,arrest,False,False,False,True,True,True,True,consent,registration,False,high,79
1838294,2014-04-17_17:25:00,-26.1549846,28.051061500000003,41.025885755749044,37.0,tall,female,b3d18aa8ec,vehicular,moving traffic violation,False,False,True,warning,False,False,False,False,True,False,True,plain view,moving traffic violation,False,high,87
2903322,2015-09-01_13:02:00,-26.195067099999996,28.090788000000003,10.240583602100141,19.0,tall,male,93ef5d6182,vehicular,moving traffic violation,False,True,True,citation,False,False,False,True,True,True,True,consent,moving traffic violation,False,high,76
3058058,2010-09-05_04:28:00,-26.20325379999999,28.018982800000003,25.419773702642544,27.0,medium,male,93ef5d6182,vehicular,moving traffic violation,False,True,False,citation,False,False,False,True,True,True,True,consent,moving traffic violation,False,high,76
901648,2017-03-13_21:59:00,-26.176750299999995,28.042234300000004,16.41787916132138,41.0,tall,female,b3d18aa8ec,vehicular,moving traffic violation,True,False,True,arrest,False,False,False,False,True,True,False,other,moving traffic violation,False,high,85
329962,2014-11-02_04:32:00,-26.207926,28.027581000000026,27.718219236468887,31.0,tall,male,82f2e31c2b,vehicular,vehicle equipment violation,False,False,True,warning,False,False,False,False,True,False,True,plain view,vehicle equipment violation,False,high,66
2661981,2016-07-08_21:14:00,-26.1761282,28.04482249999998,28.506558338122087,36.0,tall,male,b3d18aa8ec,vehicular,registration,False,False,True,warning,False,False,False,False,True,False,True,plain view,registration,False,high,69
2382395,2014-06-27_06:12:00,-26.19123720000001,28.000641200000004,54.36064716595363,42.0,tall,female,82f2e31c2b,vehicular,moving traffic violation,False,False,True,warning,False,False,False,False,True,False,True,plain view,moving traffic violation,False,high,69
1306951,2019-02-25_15:01:00,-26.2222594,28.0531153,14.37035091707638,21.0,short,male,498350de5b,vehicular,moving traffic violation,True,True,False,arrest,False,False,False,False,True,True,False,other,moving traffic violation,False,high,72
1468770,2016-02-29_15:26:00,-26.178287100000006,28.053031200000007,18.747304660004595,27.0,medium,female,b3d18aa8ec,vehicular,moving traffic violation,False,False,True,warning,False,False,False,False,True,False,True,plain view,moving traffic violation,False,high,94
2615519,2015-07-30_05:53:00,-26.19123720000001,28.000641200000004,36.92774811054285,50.0,tall,male,82f2e31c2b,vehicular,moving traffic violation,False,False,True,warning,False,False,False,False,True,False,True,plain view,moving traffic violation,False,high,62
734838,2013-12-07_23:14:00,-26.196057599999996,28.007397499999982,28.23637577038042,48.0,medium,male,82f2e31c2b,vehicular,vehicle equipment violation,False,False,True,warning,False,False,False,False,True,False,True,plain view,vehicle equipment violation,False,high,63
1531873,2016-03-10_10:48:00,-26.1697559,28.064850800000002,16.903070128720586,17.0,tall,male,93ef5d6182,vehicular,moving traffic violation,False,False,True,warning,False,False,False,True,True,True,True,probable cause,moving traffic violation,False,high,72
1425152,2013-02-23_06:39:00,-26.197387699999986,28.003047599999988,31.16985975410918,34.0,tall,female,82f2e31c2b,vehicular,moving traffic violation,False,False,True,warning,False,False,False,False,True,False,True,plain view,moving traffic violation,False,high,58
1323706,2014-02-11_15:28:00,-26.2056928,28.033571300000006,20.48101184008711,31.0,tall,female,82f2e31c2b,vehicular,moving traffic violation,False,False,True,warning,False,False,False,False,True,False,True,plain view,moving traffic violation,False,high,67
1648521,2015-03-23_16:04:00,-26.16143430000001,28.039831300000003,23.145086514548414,37.0,tall,male,b3d18aa8ec,vehicular,vehicle equipment violation,False,False,True,warning,False,False,False,False,True,False,True,plain view,vehicle equipment violation,False,high,74
2719495,2011-08-16_04:51:00,-26.199506399999997,28.01475640000001,25.881579329016812,19.0,medium,female,93ef5d6182,vehicular,moving traffic violation,False,True,False,citation,True,True,False,True,True,True,True,plain view,moving traffic violation,False,high,98
478415,2016-01-18_18:30:00,-26.176804499999996,28.04695980000001,35.06171746376321,22.0,medium,male,b3d18aa8ec,vehicular,moving traffic violation,False,False,True,warning,False,False,False,False,True,False,True,plain view,moving traffic violation,False,high,75
3076518,2015-09-07_20:09:00,-26.1779054,28.04909379999998,19.794540892635784,21.0,short,male,b3d18aa8ec,vehicular,vehicle equipment violation,False,False,True,warning,False,False,False,False,True,False,True,plain view,vehicle equipment violation,False,high,80
194781,2015-10-07_21:16:00,-26.178287100000006,28.053031200000007,29.280698175423822,20.0,medium,female,b3d18aa8ec,vehicular,vehicle equipment violation,False,False,True,warning,False,False,False,False,True,False,True,plain view,vehicle equipment violation,False,high,78
2309348,2012-06-19_23:24:00,-26.192988999999997,28.005044000000026,22.597888451402795,18.0,tall,male,498350de5b,vehicular,moving traffic violation,True,False,True,arrest,False,False,False,True,True,True,True,consent,moving traffic violation,False,high,65
2814611,2015-08-28_13:30:00,-26.1899857,28.0234897,25.607376701286285,23.0,short,female,93ef5d6182,vehicular,moving traffic violation,False,True,True,citation,True,True,False,True,True,True,True,probable cause,moving traffic violation,False,high,104
1420763,2016-02-22_21:44:00,-26.18616750000001,28.002513500000006,26.611907569672677,47.0,medium,female,b3d18aa8ec,vehicular,vehicle equipment violation,False,False,True,warning,False,False,False,False,True,False,True,plain view,vehicle equipment violation,False,high,77
2067255,2014-05-17_00:12:00,-26.192988999999997,28.005044000000026,39.490250800521544,28.0,medium,male,82f2e31c2b,vehicular,moving traffic violation,False,False,True,warning,False,False,False,False,True,False,True,plain view,moving traffic violation,False,high,58
2856258,2015-08-05_19:52:00,-26.186248,27.999579600000004,25.808010012938738,30.0,tall,male,b3d18aa8ec,vehicular,vehicle equipment violation,False,False,True,warning,False,False,False,False,True,False,True,plain view,vehicle equipment violation,False,high,66
1632617,2015-03-02_16:52:00,-26.184302099999996,28.02407009999999,20.472506280969505,34.0,tall,male,b3d18aa8ec,vehicular,registration,False,False,True,warning,False,False,False,False,True,False,True,plain view,registration,False,high,76
2856050,2015-08-05_16:37:00,-26.17665879999999,28.055792100000005,38.10013267904282,49.0,tall,male,b3d18aa8ec,vehicular,moving traffic violation,False,False,True,warning,False,False,False,False,True,False,True,plain view,moving traffic violation,False,high,83
717322,2012-12-06_02:56:00,-26.205197399999996,28.021462500000027,22.010971634809835,22.0,tall,female,3ce33785e5,vehicular,vehicle equipment violation,True,False,False,arrest,False,False,False,True,True,True,False,other,vehicle equipment violation,False,high,74
1784098,2016-04-11_16:05:00,-26.223727099999998,28.0569969,20.751541611665672,54.0,short,female,b3d18aa8ec,vehicular,vehicle equipment violation,False,False,True,warning,False,False,False,False,True,False,True,plain view,vehicle equipment violation,False,high,81
794326,2016-01-03_15:28:00,-26.173878699999996,28.048880000000025,26.89818865856571,53.0,medium,female,b3d18aa8ec,vehicular,registration,False,False,True,warning,False,False,False,False,True,False,True,plain view,registration,False,high,75
786179,2016-01-31_17:24:00,-26.1761658,28.044540799999965,21.67202375582238,59.0,medium,female,b3d18aa8ec,vehicular,registration,False,False,True,warning,False,False,False,False,True,False,True,plain view,registration,False,high,71
1579312,2016-03-15_21:05:00,-26.177827799999996,28.05787660000003,36.461578135971514,41.0,tall,female,b3d18aa8ec,vehicular,moving traffic violation,False,False,True,warning,False,False,False,False,True,False,True,plain view,moving traffic violation,False,high,72
3070286,2016-09-06_15:46:00,-26.177827799999996,28.05787660000003,27.08929301247105,26.0,tall,male,b3d18aa8ec,vehicular,moving traffic violation,False,False,True,warning,False,False,False,False,True,False,True,plain view,moving traffic violation,False,high,76
820156,2015-01-06_18:22:00,-26.1761658,28.044540799999965,21.131633344110565,50.0,medium,female,b3d18aa8ec,vehicular,vehicle equipment violation,False,True,False,citation,False,False,False,False,True,False,True,plain view,vehicle equipment violation,False,high,74
1261656,2018-09-17_10:11:00,-26.194800799999996,28.090295300000008,27.568375905711626,22.0,tall,male,93ef5d6182,vehicular,moving traffic violation,False,False,True,warning,False,False,False,True,True,True,True,probable cause,moving traffic violation,False,high,76
1710410,2013-03-31_21:39:00,-26.176354299999986,28.03975810000003,19.938355445910865,37.0,short,male,6f0e6c9ea2,vehicular,moving traffic violation,False,False,True,warning,False,False,False,True,True,True,False,consent,moving traffic violation,False,high,79
858821,2017-01-16_18:03:00,-26.204360899999998,28.020147300000005,19.142284384925286,30.0,tall,male,b3d18aa8ec,vehicular,registration,True,False,False,arrest,False,False,False,False,True,True,False,other,registration,False,high,77
2935015,2011-09-16_23:06:00,-26.212254099999996,28.011005200000028,15.938559087698561,18.0,tall,female,82f2e31c2b,vehicular,vehicle equipment violation,False,False,True,warning,False,False,False,False,True,False,True,plain view,vehicle equipment violation,False,high,71
2446130,2010-06-08_09:19:00,-26.192748099999996,27.99782590000001,33.34891889895207,26.0,medium,male,498350de5b,vehicular,vehicle equipment violation,False,True,False,citation,False,False,False,True,True,True,True,consent,vehicle equipment violation,False,high,69
79720,2015-10-20_18:10:00,-26.16143430000001,28.039831300000003,26.24257765876302,37.0,medium,male,82f2e31c2b,vehicular,moving traffic violation,False,False,True,warning,False,False,False,False,True,False,True,plain view,moving traffic violation,False,high,64
2486565,2015-07-12_22:39:00,-26.1799533,28.05408070000003,39.39028829868597,37.0,medium,male,b3d18aa8ec,vehicular,vehicle equipment violation,False,True,False,citation,False,False,False,True,True,False,True,consent,vehicle equipment violation,False,high,67
2342416,2012-06-22_05:40:00,-26.209088199999997,28.02645009999999,32.192301984266486,44.0,medium,male,82f2e31c2b,vehicular,moving traffic violation,False,False,True,warning,False,False,False,False,True,False,True,plain view,moving traffic violation,False,high,61
109115,2012-10-24_14:38:00,-26.166848099999996,28.071250000000006,28.51113844413319,23.0,tall,female,93ef5d6182,vehicular,safety violation,True,True,True,arrest,True,True,False,False,True,True,True,consent,safety violation,True,high,114
502872,2016-01-20_18:54:00,-26.176750299999995,28.042234300000004,24.597454047358394,30.0,tall,male,b3d18aa8ec,vehicular,moving traffic violation,False,True,False,citation,False,False,False,True,True,True,True,consent,moving traffic violation,False,high,74
547311,2010-12-14_14:11:00,-26.1761658,28.044540799999965,39.666592621289254,48.0,tall,female,82f2e31c2b,vehicular,moving traffic violation,False,False,True,warning,False,False,False,False,True,False,True,plain view,moving traffic violation,False,high,66
2209690,2011-05-07_21:11:00,-26.1893648,28.068101099999964,24.50797053103999,36.0,tall,male,6f0e6c9ea2,vehicular,vehicle equipment violation,True,False,False,arrest,False,False,False,True,True,True,True,other,vehicle equipment violation,False,high,74
284017,2014-11-17_11:14:00,-26.1734345,28.06499559999999,26.424766015748315,26.0,tall,female,93ef5d6182,vehicular,moving traffic violation,False,False,True,warning,False,False,False,False,True,False,True,consent,moving traffic violation,False,high,76
2883568,2015-08-09_16:27:00,-26.171089399999985,28.04879770000001,34.60779898392754,21.0,tall,male,b3d18aa8ec,vehicular,vehicle equipment violation,False,True,False,citation,False,False,False,False,True,False,True,plain view,vehicle equipment violation,False,high,78
2396496,2014-06-29_21:03:00,-26.2005483,28.015262000000007,23.945631061613074,46.0,medium,female,82f2e31c2b,vehicular,moving traffic violation,False,False,True,warning,False,False,False,False,True,False,True,plain view,moving traffic violation,False,high,62
45082,2014-10-15_22:24:00,-26.176804499999996,28.04695980000001,28.95688191328103,44.0,medium,female,b3d18aa8ec,vehicular,vehicle equipment violation,False,False,True,warning,False,False,False,False,True,False,True,plain view,vehicle equipment violation,False,high,74
2863613,2015-08-06_21:34:00,-26.176735099999995,28.046354900000026,34.354295484612265,62.0,tall,male,b3d18aa8ec,vehicular,vehicle equipment violation,False,False,True,warning,False,False,False,False,True,False,True,plain view,vehicle equipment violation,False,high,82
2506936,2015-07-15_20:07:00,-26.178287100000006,28.053031200000007,22.50008796521361,24.0,tall,male,b3d18aa8ec,vehicular,registration,False,False,True,warning,False,False,False,False,True,False,True,plain view,registration,False,high,67
3006902,2013-09-25_17:45:00,-26.16143430000001,28.039831300000003,15.611291195922048,26.0,medium,female,82f2e31c2b,vehicular,moving traffic violation,False,False,True,warning,False,False,False,False,True,False,True,plain view,moving traffic violation,False,high,61
2379554,2012-06-27_19:39:00,-26.16143430000001,28.039831300000003,15.996908766625477,52.0,tall,female,82f2e31c2b,vehicular,moving traffic violation,False,False,True,warning,False,False,False,False,True,False,True,plain view,moving traffic violation,False,high,63
917128,2017-04-05_09:32:00,-26.165315399999997,28.066198400000005,27.045249670596856,30.0,medium,male,93ef5d6182,vehicular,seatbelt violation,False,True,False,citation,True,True,False,True,True,True,True,probable cause,seatbelt violation,False,high,84
2717749,2016-08-15_21:04:00,-26.2005483,28.015262000000007,20.66297826585137,46.0,tall,male,b3d18aa8ec,vehicular,moving traffic violation,False,False,True,warning,False,False,False,False,True,False,True,plain view,moving traffic violation,False,high,73
555669,2011-12-15_05:40:00,-26.197985599999996,28.003328900000028,21.306681103350535,44.0,medium,male,82f2e31c2b,vehicular,moving traffic violation,False,False,True,warning,False,False,False,False,True,False,True,plain view,moving traffic violation,False,high,69
2231318,2016-05-09_21:24:00,-26.1761658,28.044540799999965,29.983616790128995,26.0,medium,male,b3d18aa8ec,vehicular,moving traffic violation,True,False,False,arrest,True,True,False,False,True,True,True,probable cause,moving traffic violation,False,high,85
1760417,2016-03-08_17:35:00,-26.165315399999997,28.066198400000005,18.43274321215801,29.0,tall,female,b3d18aa8ec,vehicular,registration,False,False,True,warning,False,False,False,False,True,False,True,plain view,registration,False,high,79
1697177,2015-03-29_21:26:00,-26.204360899999998,28.020147300000005,32.434283301086325,37.0,medium,male,82f2e31c2b,vehicular,vehicle equipment violation,False,False,True,warning,False,False,False,False,True,False,True,plain view,vehicle equipment violation,False,high,62
2136677,2010-05-26_23:47:00,-26.196057599999996,28.007397499999982,27.064302960765964,22.0,medium,male,498350de5b,vehicular,vehicle equipment violation,False,True,False,citation,True,True,True,True,True,True,True,probable cause,vehicle equipment violation,False,high,103
1713812,2016-03-31_20:46:00,-26.1761282,28.04482249999998,18.653903149406112,28.0,tall,male,b3d18aa8ec,vehicular,vehicle equipment violation,False,False,True,warning,False,False,False,False,True,False,True,plain view,vehicle equipment violation,False,high,61
622677,2015-12-02_20:59:00,-26.1761658,28.044540799999965,21.17367491132541,61.0,tall,male,82f2e31c2b,vehicular,moving traffic violation,False,False,True,warning,False,False,False,False,True,False,True,plain view,moving traffic violation,False,high,68
432971,2016-01-15_22:50:00,-26.1761658,28.044540799999965,35.617184318820925,37.0,medium,female,82f2e31c2b,vehicular,vehicle equipment violation,False,False,True,warning,False,False,False,False,True,False,True,plain view,vehicle equipment violation,False,high,57
1265908,2018-09-25_09:15:00,-26.190151299999997,28.02533699999998,29.992954836989643,22.0,tall,female,93ef5d6182,vehicular,moving traffic violation,False,True,False,citation,True,True,False,True,True,True,True,probable cause,moving traffic violation,False,high,82
1317700,2015-02-10_21:23:00,-26.182279199999996,28.02498070000003,34.35297406496542,33.0,medium,male,b3d18aa8ec,vehicular,moving traffic violation,False,False,True,warning,False,False,False,True,True,True,True,consent,moving traffic violation,False,high,71
339933,2015-11-22_21:45:00,-26.176750299999995,28.042234300000004,26.30942546408061,29.0,tall,female,b3d18aa8ec,vehicular,moving traffic violation,False,False,True,warning,False,False,False,False,True,False,True,plain view,moving traffic violation,False,high,73
85596,2014-10-21_18:54:00,-26.1761658,28.044540799999965,26.283576358014095,41.0,tall,female,82f2e31c2b,vehicular,moving traffic violation,False,False,True,warning,False,False,False,False,True,False,True,plain view,moving traffic violation,False,high,58
937669,2017-05-02_14:11:00,-26.180123999999992,28.064040000000006,14.62151758539182,29.0,tall,male,93ef5d6182,vehicular,seatbelt violation,False,False,True,warning,True,True,False,True,True,True,True,consent,seatbelt violation,False,high,84
269462,2012-11-15_03:17:00,-26.2005483,28.015262000000007,30.734392045096897,19.0,tall,male,3ce33785e5,vehicular,moving traffic violation,True,False,True,arrest,False,False,False,True,True,True,False,consent,moving traffic violation,False,high,76
2020452,2012-05-01_15:27:00,-26.16143430000001,28.039831300000003,31.389560299641268,20.0,tall,female,82f2e31c2b,vehicular,moving traffic violation,False,False,True,warning,False,False,False,False,True,False,True,plain view,moving traffic violation,False,high,63
2115562,2011-05-23_01:09:00,-26.209256499999995,28.025877499999964,28.79981169862311,25.0,medium,male,93ef5d6182,vehicular,vehicle equipment violation,False,False,True,warning,False,False,False,True,True,True,True,probable cause,vehicle equipment violation,False,high,68
1946283,2014-04-30_10:58:00,-26.176354299999986,28.03975810000003,44.35221967826216,19.0,medium,female,498350de5b,vehicular,moving traffic violation,True,True,False,arrest,False,False,False,True,True,True,False,other,moving traffic violation,False,high,81
199262,2013-10-08_14:06:00,-26.1828286,28.068500900000018,17.802917927522675,20.0,tall,male,93ef5d6182,vehicular,seatbelt violation,False,False,True,warning,False,False,False,True,True,True,True,consent,seatbelt violation,False,high,73
293298,2015-11-18_21:36:00,-26.1904381,28.029679799999982,27.167013522983645,44.0,tall,female,d6864f2be6,vehicular,moving traffic violation,False,False,True,warning,False,False,False,False,True,False,True,plain view,moving traffic violation,False,high,76
2822898,2016-08-29_17:23:00,-26.16143430000001,28.039831300000003,30.986361565451737,26.0,tall,male,b3d18aa8ec,vehicular,moving traffic violation,False,False,True,warning,False,False,False,False,True,False,True,plain view,moving traffic violation,False,high,77
1758948,2015-03-08_22:45:00,-26.176750299999995,28.042234300000004,23.58979833793318,26.0,tall,male,b3d18aa8ec,vehicular,moving traffic violation,False,True,False,citation,True,True,False,True,True,True,True,probable cause,moving traffic violation,False,high,99
1324326,2014-02-11_21:46:00,-26.16143430000001,28.039831300000003,25.287725070177807,59.0,medium,male,82f2e31c2b,vehicular,moving traffic violation,False,False,True,warning,False,False,False,False,True,False,True,plain view,moving traffic violation,False,high,67
721368,2014-01-26_00:36:00,-26.1863101,27.871691700000028,23.088146926034472,23.0,tall,female,3ce33785e5,vehicular,moving traffic violation,False,False,True,warning,False,False,False,True,True,True,True,consent,moving traffic violation,False,medium,62
2020621,2012-05-01_16:35:00,-26.15773529999999,27.864781800000003,30.660241725254764,51.0,tall,male,82f2e31c2b,vehicular,moving traffic violation,False,False,True,warning,False,False,False,False,True,False,True,plain view,moving traffic violation,False,medium,59
744575,2010-12-08_05:41:00,-26.1956706,27.86892800000001,24.712453670451936,24.0,tall,female,2b7a7efb70,vehicular,investigative stop,True,False,True,arrest,True,False,False,False,True,True,True,consent,investigative stop,False,medium,83
498930,2013-01-20_03:18:00,-26.1901083,27.841205700000003,38.501048102153455,33.0,tall,male,3ce33785e5,vehicular,registration,False,True,False,citation,False,False,False,True,True,True,False,consent,registration,False,medium,70
735355,2013-12-07_02:22:00,-26.175935199999998,27.87170109999998,19.788923335537238,50.0,medium,female,3ce33785e5,vehicular,registration,True,False,True,arrest,True,True,False,True,True,True,True,consent,registration,False,medium,105
2267389,2014-06-13_01:58:00,-26.1752039,27.876365500000006,20.78091507156866,34.0,tall,male,3ce33785e5,vehicular,registration,False,False,True,warning,False,False,False,True,True,True,False,consent,registration,False,medium,71
1788709,2013-04-01_02:56:00,-26.201369299999996,27.82329910000003,19.95690001082444,28.0,tall,female,3ce33785e5,vehicular,registration,False,False,True,warning,False,False,False,True,True,True,True,consent,registration,True,medium,70
835856,2014-01-08_01:30:00,-26.188514499999997,27.874167600000007,28.968551640109858,31.0,tall,female,3ce33785e5,vehicular,moving traffic violation,False,False,True,warning,False,False,False,False,True,False,True,consent,moving traffic violation,False,medium,78
1365611,2011-02-16_14:47:00,-26.173478199999998,27.855080700000002,37.070500759031674,29.0,tall,male,2b7a7efb70,vehicular,vehicle equipment violation,True,False,True,arrest,True,True,False,False,True,True,True,other,vehicle equipment violation,False,medium,92
579250,2014-12-18_02:30:00,-26.175567099999995,27.886415600000007,28.900250933921253,31.0,medium,female,3ce33785e5,vehicular,registration,True,False,True,arrest,False,False,False,True,True,True,False,consent,registration,False,medium,60
2105275,2014-05-02_00:36:00,-26.171370699999997,27.851629700000004,36.54457826142431,21.0,tall,female,3ce33785e5,vehicular,registration,False,True,True,citation,False,False,False,False,True,False,True,probable cause,registration,False,medium,66
2224688,2011-05-09_18:24:00,-26.1750282,27.876729200000028,25.06416532700637,18.0,tall,male,6f0e6c9ea2,vehicular,vehicle equipment violation,False,True,False,citation,False,False,False,False,True,False,True,consent,vehicle equipment violation,False,medium,84
415293,2015-01-14_00:34:00,-26.1741435,27.895922200000044,28.220729830727564,26.0,medium,male,3ce33785e5,vehicular,registration,False,True,True,citation,False,False,False,True,True,True,False,consent,registration,False,medium,74
578795,2014-12-18_01:03:00,-26.168808499999997,27.889696400000005,28.342155053246533,53.0,tall,male,3ce33785e5,vehicular,moving traffic violation,True,False,True,arrest,False,False,False,True,True,True,True,consent,moving traffic violation,False,medium,72
147914,2015-10-29_21:39:00,-26.172935599999995,27.89568740000003,22.152492526142787,30.0,medium,female,3ce33785e5,vehicular,vehicle equipment violation,False,False,True,warning,False,False,False,False,True,False,True,consent,vehicle equipment violation,False,medium,78
2407840,2011-06-03_00:19:00,-26.1863101,27.871691700000028,20.68013834727616,30.0,tall,male,2b7a7efb70,vehicular,moving traffic violation,False,True,True,citation,True,True,False,False,True,True,True,consent,moving traffic violation,False,medium,104
1357208,2011-02-15_02:00:00,-26.179853,27.872147400000003,13.508998837844041,20.0,short,female,2b7a7efb70,vehicular,moving traffic violation,False,False,True,warning,False,False,False,False,True,True,True,consent,moving traffic violation,False,medium,66
1885524,2015-04-22_23:38:00,-26.168937999999997,27.8896723,28.77439851536484,38.0,short,male,3ce33785e5,vehicular,moving traffic violation,False,True,True,citation,False,False,False,True,True,True,False,consent,moving traffic violation,False,medium,74
1882926,2013-04-22_04:00:00,-26.190907099999997,27.849466500000005,27.05924994140221,31.0,medium,female,3ce33785e5,vehicular,investigative stop,False,True,True,citation,False,False,False,False,True,False,True,consent,investigative stop,False,medium,75
2685065,2011-08-01_03:32:00,-26.179929699999995,27.890540700000003,18.90697707732143,54.0,medium,female,2b7a7efb70,vehicular,investigative stop,False,False,True,warning,True,False,False,False,True,True,True,consent,investigative stop,False,medium,101
1788249,2013-04-01_23:24:00,-26.1842873,27.858225700000006,29.41092909838751,30.0,short,male,3ce33785e5,vehicular,registration,False,True,True,citation,False,False,False,True,True,True,False,consent,registration,False,medium,80
2184218,2014-05-03_01:45:00,-26.173092799999992,27.86138890000001,26.055500303426538,22.0,tall,male,3ce33785e5,vehicular,registration,False,False,True,warning,False,False,False,True,True,True,True,consent,registration,False,medium,74
2292989,2010-06-17_03:43:00,-26.1857781,27.86779980000003,25.016816901529545,31.0,tall,male,2b7a7efb70,vehicular,moving traffic violation,False,True,True,citation,False,False,False,False,True,True,False,consent,moving traffic violation,False,medium,81
428578,2014-11-05_00:43:00,-26.1781609,27.87211359999999,33.51498206987756,21.0,medium,male,6f0e6c9ea2,vehicular,moving traffic violation,False,True,False,citation,False,False,False,True,True,True,True,probable cause,moving traffic violation,False,medium,77
1944997,2013-04-30_23:22:00,-26.1802437,27.85619890000001,23.661765924206424,22.0,tall,male,3ce33785e5,vehicular,seatbelt violation,False,False,True,warning,False,False,False,True,True,True,True,consent,seatbelt violation,False,medium,63
1479702,2011-02-04_04:02:00,-26.1657521,27.890101400000006,31.65393783651661,43.0,tall,female,2b7a7efb70,vehicular,moving traffic violation,True,False,True,arrest,False,False,False,False,True,True,True,consent,moving traffic violation,False,medium,90
476276,2015-11-08_22:42:00,-26.1781609,27.87211359999999,41.80935760631423,32.0,medium,male,6f0e6c9ea2,vehicular,moving traffic violation,False,True,False,citation,False,False,False,True,True,True,False,consent,moving traffic violation,False,medium,82
1882784,2013-04-22_02:40:00,-26.1880005,27.843893400000027,22.04324847296031,34.0,short,male,3ce33785e5,vehicular,registration,False,True,True,citation,False,False,False,True,True,True,False,consent,registration,False,medium,63
2665677,2013-07-09_02:57:00,-26.186593099999996,27.850682700000007,14.34852562690398,55.0,medium,male,3ce33785e5,vehicular,registration,False,True,True,citation,False,False,False,True,True,True,False,consent,registration,False,medium,79
1712207,2015-03-31_01:46:00,-26.168937999999997,27.8896723,13.552597605260745,21.0,medium,male,3ce33785e5,vehicular,moving traffic violation,True,False,True,arrest,False,False,False,True,True,True,True,other,moving traffic violation,False,medium,81
148767,2010-10-30_00:57:00,-26.173281899999992,27.887538600000028,20.90454279770046,19.0,medium,male,2b7a7efb70,vehicular,moving traffic violation,False,False,True,warning,False,False,False,False,True,True,True,consent,moving traffic violation,False,medium,78
406138,2011-01-14_03:05:00,-26.177527399999995,27.896159000000026,28.510727072522773,22.0,medium,male,2b7a7efb70,vehicular,vehicle equipment violation,False,False,True,warning,False,False,False,False,True,True,True,consent,vehicle equipment violation,False,medium,85
835819,2014-01-08_00:52:00,-26.1805121,27.87083260000003,33.23207350534135,20.0,medium,female,3ce33785e5,vehicular,moving traffic violation,True,False,True,arrest,False,False,False,False,True,True,False,other,moving traffic violation,False,medium,70
784471,2014-01-31_15:33:00,-26.15773529999999,27.864781800000003,43.92847479683806,60.0,tall,female,82f2e31c2b,vehicular,moving traffic violation,False,False,True,warning,False,False,False,False,True,False,True,plain view,moving traffic violation,False,medium,53
2295654,2013-06-17_01:37:00,-26.190525899999997,27.849304200000006,23.22910340968582,25.0,medium,female,3ce33785e5,vehicular,investigative stop,True,False,True,arrest,False,False,False,True,True,True,True,consent,investigative stop,False,medium,75
2820476,2014-08-29_00:37:00,-26.168937999999997,27.8896723,32.091375768976086,19.0,medium,male,3ce33785e5,vehicular,moving traffic violation,False,False,True,warning,False,False,False,True,True,True,True,consent,moving traffic violation,False,medium,71
630100,2010-12-23_03:53:00,-26.1863101,27.871691700000028,32.12301042125449,19.0,medium,male,2b7a7efb70,vehicular,vehicle equipment violation,False,False,True,warning,False,False,False,False,True,True,True,consent,vehicle equipment violation,False,medium,75
752450,2014-12-08_00:39:00,-26.181686,27.870889000000005,20.696345783215296,61.0,tall,male,6f0e6c9ea2,vehicular,moving traffic violation,True,False,False,arrest,False,False,False,True,True,True,True,other,moving traffic violation,False,medium,85
2526117,2014-07-18_04:01:00,-26.180351299999998,27.870088600000003,28.424758574693037,25.0,tall,female,3ce33785e5,vehicular,vehicle equipment violation,False,False,True,warning,False,False,False,False,True,False,True,consent,vehicle equipment violation,False,medium,78
3017746,2011-09-27_23:00:00,-26.1747916,27.87717809999998,29.147691199828184,18.0,medium,male,2b7a7efb70,vehicular,moving traffic violation,True,False,True,arrest,True,True,False,False,True,True,True,consent,moving traffic violation,False,medium,100
1615725,2014-03-20_23:41:00,-26.1796505,27.871205099999997,19.997590897581627,28.0,short,male,3ce33785e5,vehicular,vehicle equipment violation,False,True,True,citation,False,False,False,True,True,True,False,consent,vehicle equipment violation,False,medium,64
1781892,2014-04-11_01:35:00,-26.1781609,27.87211359999999,30.309512677635794,26.0,medium,male,3ce33785e5,vehicular,moving traffic violation,False,True,True,citation,False,False,False,True,True,True,True,consent,moving traffic violation,False,medium,69
444153,2014-01-16_04:35:00,-26.177527399999995,27.896159000000026,31.388137506166977,33.0,medium,male,6f0e6c9ea2,vehicular,moving traffic violation,False,True,False,citation,False,False,False,True,True,True,False,consent,moving traffic violation,False,medium,74
2291816,2016-06-16_00:03:00,-26.176520699999998,27.895249500000006,19.92310657439605,27.0,medium,male,3ce33785e5,vehicular,vehicle equipment violation,False,True,True,citation,False,False,False,True,True,True,True,consent,vehicle equipment violation,False,medium,74
554245,2010-12-15_02:21:00,-26.177527399999995,27.896159000000026,13.402235024638177,51.0,tall,female,2b7a7efb70,vehicular,vehicle equipment violation,False,False,True,warning,False,False,False,False,True,True,True,consent,vehicle equipment violation,False,medium,87
1706688,2010-03-31_02:09:00,-26.1997218,27.828264200000007,37.754595903008635,21.0,tall,male,2b7a7efb70,vehicular,vehicle equipment violation,True,False,True,arrest,True,True,False,False,True,True,True,plain view,vehicle equipment violation,False,medium,108
2156436,2015-05-28_01:55:00,-26.1781609,27.87211359999999,18.39617745226159,40.0,short,male,6f0e6c9ea2,vehicular,moving traffic violation,True,False,False,arrest,False,False,False,False,True,True,True,other,moving traffic violation,False,medium,78
1494460,2010-02-06_01:11:00,-26.1863101,27.871691700000028,15.1421476052161,28.0,tall,female,6f0e6c9ea2,vehicular,moving traffic violation,False,True,False,citation,False,False,False,False,True,False,True,consent,moving traffic violation,False,medium,65
151916,2013-10-30_03:58:00,-26.1863101,27.871691700000028,19.37625181260767,22.0,tall,female,6f0e6c9ea2,vehicular,moving traffic violation,False,False,True,warning,False,False,False,False,True,False,True,other,moving traffic violation,False,medium,68
622354,2015-12-02_19:42:00,-26.171013399999985,27.85820000000001,25.42358991954716,20.0,tall,male,3ce33785e5,vehicular,registration,False,False,True,warning,False,False,False,True,True,True,True,probable cause,registration,False,medium,74
1373029,2011-02-17_03:51:00,-26.168937999999997,27.8896723,17.688365846264144,44.0,medium,male,2b7a7efb70,vehicular,vehicle equipment violation,False,True,False,citation,False,False,False,False,True,True,True,consent,vehicle equipment violation,False,medium,81
35101,2010-10-14_21:47:00,-26.204196200000005,27.883592300000004,26.163736194878588,33.0,tall,male,82f2e31c2b,vehicular,moving traffic violation,False,False,True,warning,False,False,False,False,True,False,True,plain view,moving traffic violation,False,medium,61
1705168,2016-03-30_00:07:00,-26.173012799999995,27.897247800000002,25.258572116134,58.0,medium,male,3ce33785e5,vehicular,registration,False,True,True,citation,True,True,False,True,True,True,True,consent,registration,False,medium,100
2615285,2015-07-30_02:50:00,-26.17670199999999,27.887734200000025,26.866070906880253,31.0,tall,male,3ce33785e5,vehicular,vehicle equipment violation,True,False,True,arrest,True,True,False,True,True,True,True,consent,vehicle equipment violation,False,medium,105
300375,2015-11-19_22:28:00,-26.168473499999998,27.893709,27.45571365561281,25.0,tall,male,3ce33785e5,vehicular,moving traffic violation,False,True,True,citation,True,True,False,True,True,True,True,plain view,moving traffic violation,False,medium,86
1404224,2014-02-21_01:47:00,-26.177527399999995,27.896159000000026,28.973377827958917,26.0,tall,,82f2e31c2b,vehicular,vehicle equipment violation,False,False,True,warning,False,False,False,False,True,False,True,plain view,vehicle equipment violation,False,medium,53
2963156,2011-09-20_23:31:00,-26.181619599999998,27.867047200000016,25.058439386042274,19.0,medium,female,2b7a7efb70,vehicular,vehicle equipment violation,False,True,True,citation,True,True,False,False,True,True,True,consent,vehicle equipment violation,False,medium,83
2738599,2010-08-19_02:00:00,-26.181412799999997,27.862980400000026,47.54059923573952,39.0,tall,female,2b7a7efb70,vehicular,moving traffic violation,False,True,True,citation,False,False,False,False,True,True,True,consent,moving traffic violation,False,medium,84
1349974,2011-02-14_23:29:00,-26.157846499999998,27.86466440000001,33.32426706572031,33.0,tall,male,2b7a7efb70,vehicular,moving traffic violation,True,False,False,arrest,False,False,False,False,True,True,True,consent,moving traffic violation,False,medium,67
2091467,2015-05-20_03:02:00,-26.174837699999998,27.868715999999964,22.55219571189695,23.0,tall,female,3ce33785e5,vehicular,moving traffic violation,True,False,True,arrest,False,False,False,True,True,True,True,consent,moving traffic violation,False,medium,72
2039782,2015-05-13_20:50:00,-26.165424,27.891505800000004,20.07059111112393,20.0,medium,male,3ce33785e5,vehicular,vehicle equipment violation,False,True,True,citation,True,True,False,True,True,True,True,consent,vehicle equipment violation,False,medium,100
1489385,2013-02-05_02:07:00,-26.190907099999997,27.849466500000005,28.97857467606473,57.0,medium,female,3ce33785e5,vehicular,registration,False,False,True,warning,False,False,False,False,True,False,True,consent,registration,False,medium,74
1438842,2013-02-25_23:48:00,-26.185876199999996,27.856900300000007,28.698456516329266,23.0,medium,male,3ce33785e5,vehicular,investigative stop,False,False,True,warning,False,False,False,True,True,True,True,consent,investigative stop,False,medium,66
1449706,2015-02-26_01:24:00,-26.177865499999996,27.87820450000001,24.96833256879206,37.0,medium,female,3ce33785e5,vehicular,moving traffic violation,False,False,True,warning,False,False,False,True,True,True,True,consent,moving traffic violation,False,medium,72
2015684,2013-05-11_17:04:00,-26.2370977,27.85329040000002,36.52135430513159,69.0,tall,male,82f2e31c2b,vehicular,moving traffic violation,False,False,True,warning,False,False,False,False,True,False,True,plain view,moving traffic violation,False,medium,57
2053655,2015-05-15_02:02:00,-26.175567099999995,27.886415600000007,19.482234631976535,36.0,tall,male,3ce33785e5,vehicular,investigative stop,False,False,True,warning,False,False,False,True,True,True,True,consent,investigative stop,False,medium,74
1675933,2011-03-27_19:34:00,-26.177527399999995,27.896159000000026,27.88691273480567,22.0,short,female,2b7a7efb70,vehicular,vehicle equipment violation,False,False,True,warning,False,False,False,False,True,True,True,probable cause,vehicle equipment violation,False,medium,84
2596588,2010-07-28_00:14:00,-26.179611199999997,27.897620000000003,25.224621725584296,19.0,medium,male,2b7a7efb70,vehicular,vehicle equipment violation,False,False,True,warning,False,False,False,False,True,True,False,other,vehicle equipment violation,False,medium,79
689463,2013-12-04_23:59:00,-26.190907099999997,27.849466500000005,21.79432767383206,31.0,short,male,3ce33785e5,vehicular,moving traffic violation,False,True,True,citation,False,False,False,True,True,True,False,consent,moving traffic violation,False,medium,80
780358,2011-01-31_05:01:00,-26.17555039999999,27.88765970000003,23.45050214505318,52.0,medium,male,2b7a7efb70,vehicular,moving traffic violation,False,True,True,citation,True,True,False,False,True,True,True,consent,moving traffic violation,False,medium,116
228129,2014-11-11_01:19:00,-26.177527399999995,27.896159000000026,33.59328713380873,26.0,medium,male,3ce33785e5,vehicular,moving traffic violation,False,True,True,citation,False,False,False,True,True,True,False,consent,moving traffic violation,False,medium,69
115135,2011-10-25_23:07:00,-26.199730199999998,27.830245000000005,29.537834344082697,29.0,tall,male,2b7a7efb70,vehicular,moving traffic violation,True,False,True,arrest,True,False,False,False,True,True,True,consent,moving traffic violation,False,medium,92
2015792,2013-05-11_18:36:00,-26.2381051,27.852305600000008,24.433885426232216,21.0,tall,male,82f2e31c2b,vehicular,moving traffic violation,False,False,True,warning,False,False,False,False,True,False,True,plain view,moving traffic violation,False,medium,54
1961857,2014-04-04_23:52:00,-26.179853,27.872147400000003,24.094200558386003,24.0,medium,,3ce33785e5,vehicular,vehicle equipment violation,False,False,True,warning,False,False,False,True,True,True,True,consent,vehicle equipment violation,True,medium,74
534426,2011-12-12_01:17:00,-26.177180799999995,27.868784299999987,19.12821619393456,25.0,tall,female,2b7a7efb70,vehicular,moving traffic violation,False,False,True,warning,False,False,False,False,True,True,True,consent,moving traffic violation,False,medium,84
278399,2015-11-16_01:49:00,-26.1781609,27.87211359999999,14.263147204294379,23.0,short,male,6f0e6c9ea2,vehicular,moving traffic violation,False,True,False,citation,True,False,False,True,True,True,False,consent,moving traffic violation,False,medium,77
85675,2014-10-21_20:00:00,-26.15773529999999,27.864781800000003,35.393872526904225,23.0,tall,female,82f2e31c2b,vehicular,moving traffic violation,False,False,True,warning,False,False,False,False,True,False,True,plain view,moving traffic violation,False,medium,65
362543,2014-11-26_20:14:00,-26.177688499999995,27.89166059999998,27.11716171613233,61.0,medium,female,3ce33785e5,vehicular,registration,False,True,True,citation,False,False,False,True,True,True,True,probable cause,registration,False,medium,66
2641513,2011-07-06_05:06:00,-26.17670199999999,27.887734200000025,32.923961270427554,22.0,medium,male,2b7a7efb70,vehicular,investigative stop,True,False,True,arrest,True,False,False,False,True,True,True,other,investigative stop,False,medium,83
2701796,2014-08-13_00:52:00,-26.201704999999997,27.822139000000007,18.023418299837783,23.0,tall,female,3ce33785e5,vehicular,registration,False,False,True,warning,False,False,False,True,True,True,True,consent,registration,False,medium,70
1434586,2016-02-24_22:19:00,-26.18719020000001,27.872978100000026,28.59796469005926,33.0,medium,male,3ce33785e5,vehicular,registration,False,False,True,warning,False,False,False,True,True,True,True,consent,registration,False,medium,69
330105,2014-01-12_05:58:00,-26.200504099999996,27.82669199999998,25.04793872187986,23.0,tall,female,3ce33785e5,vehicular,moving traffic violation,False,True,False,citation,True,True,False,True,True,True,True,consent,moving traffic violation,False,medium,100
1528576,2013-03-10_00:54:00,-26.1788668,27.87226170000001,30.568242115150944,27.0,tall,male,3ce33785e5,vehicular,registration,False,False,True,warning,False,False,False,True,True,False,True,consent,registration,False,medium,72
2766769,2010-08-22_00:52:00,-26.177814499999997,27.887794600000007,39.108946289032914,20.0,medium,female,2b7a7efb70,vehicular,vehicle equipment violation,False,True,True,citation,True,True,False,False,True,True,True,probable cause,vehicle equipment violation,False,medium,100
435105,2010-11-06_03:50:00,-26.183543999999998,27.856420400000005,28.993284361545765,22.0,medium,male,2b7a7efb70,vehicular,vehicle equipment violation,False,True,False,citation,True,True,False,False,True,True,True,other,vehicle equipment violation,False,medium,112
2005012,2011-05-10_22:48:00,-26.1855476,27.857268100000027,39.789589110911784,28.0,short,male,2b7a7efb70,vehicular,vehicle equipment violation,False,True,True,citation,False,False,False,False,True,True,False,consent,vehicle equipment violation,False,medium,64
670442,2011-01-23_23:04:00,-26.180351299999998,27.870088600000003,30.115487969677158,22.0,tall,male,2b7a7efb70,vehicular,moving traffic violation,False,False,True,warning,False,False,False,False,True,True,True,consent,moving traffic violation,False,medium,87
1831370,2015-04-16_23:29:00,-26.171370699999997,27.851629700000004,22.129062983889842,19.0,short,female,3ce33785e5,vehicular,investigative stop,True,False,False,arrest,True,True,False,True,True,True,True,other,investigative stop,False,medium,99
2920551,2011-09-14_00:49:00,-26.184995999999998,27.872030300000006,32.32433209144209,23.0,medium,male,2b7a7efb70,vehicular,vehicle equipment violation,True,False,True,arrest,True,True,False,False,True,True,True,consent,vehicle equipment violation,False,medium,126
1515044,2014-02-08_23:29:00,-26.1892476,27.84954789999999,26.310519527797243,34.0,tall,male,3ce33785e5,vehicular,investigative stop,False,True,True,citation,False,False,False,True,True,True,True,consent,investigative stop,False,medium,67
3065876,2011-09-06_19:22:00,-26.123324100000005,27.791700600000027,24.802417744525975,46.0,tall,male,82f2e31c2b,vehicular,moving traffic violation,False,False,True,warning,False,False,False,False,True,False,True,plain view,moving traffic violation,False,medium,54
1973697,2011-04-06_12:48:00,-26.123404199999996,27.80590429999998,32.28569671876765,24.0,tall,female,6f0e6c9ea2,vehicular,seatbelt violation,False,True,False,citation,True,True,False,True,True,True,True,consent,seatbelt violation,False,medium,87
1866172,2013-04-21_01:36:00,-26.177527399999995,27.896159000000026,21.103208878725265,20.0,medium,male,6f0e6c9ea2,vehicular,moving traffic violation,False,True,False,citation,False,False,False,True,True,True,True,probable cause,moving traffic violation,False,medium,78
1683058,2011-03-28_00:44:00,-26.178415699999995,27.877888700000028,32.34558637247831,20.0,medium,male,2b7a7efb70,vehicular,vehicle equipment violation,False,False,True,warning,False,False,False,False,True,True,True,probable cause,vehicle equipment violation,False,medium,80
1572936,2011-03-15_00:21:00,-26.176927499999998,27.887474400000016,22.576543182309212,25.0,tall,female,2b7a7efb70,vehicular,vehicle equipment violation,False,False,True,warning,False,False,False,False,True,True,True,consent,vehicle equipment violation,False,medium,89
2149099,2015-05-27_04:07:00,-26.179853,27.872147400000003,22.839655131362083,27.0,tall,male,3ce33785e5,vehicular,moving traffic violation,False,True,True,citation,True,True,False,True,True,True,True,consent,moving traffic violation,False,medium,81
1836691,2013-04-17_04:26:00,-26.197375,27.899317299999964,19.400402747726826,30.0,tall,female,82f2e31c2b,vehicular,moving traffic violation,False,False,True,warning,False,False,False,False,True,False,True,plain view,moving traffic violation,False,medium,55
2758816,2015-08-21_02:53:00,-26.177814499999997,27.887794600000007,24.647978103164032,41.0,tall,female,3ce33785e5,vehicular,moving traffic violation,False,True,True,citation,True,True,False,True,True,True,True,plain view,moving traffic violation,False,medium,100
2148697,2015-05-27_23:58:00,-26.182837299999996,27.860574599999964,13.36892938740283,22.0,short,male,3ce33785e5,vehicular,vehicle equipment violation,False,True,True,citation,False,False,False,True,True,True,True,consent,vehicle equipment violation,False,medium,80
1398012,2014-02-20_02:20:00,-26.1624611,27.866430800000003,27.583962978404113,34.0,tall,,3ce33785e5,vehicular,vehicle equipment violation,False,True,True,citation,False,False,False,True,True,True,True,consent,vehicle equipment violation,False,medium,68
714365,2011-12-06_00:52:00,-26.1781609,27.87211359999999,42.35379644481154,52.0,tall,male,2b7a7efb70,vehicular,vehicle equipment violation,True,False,True,arrest,False,False,False,False,True,True,True,consent,vehicle equipment violation,False,medium,90
2785510,2014-08-24_02:39:00,-26.176927499999998,27.887474400000016,21.727569393926053,33.0,tall,male,3ce33785e5,vehicular,investigative stop,True,False,False,arrest,False,False,False,True,True,True,True,consent,investigative stop,False,medium,82
1390913,2014-02-19_00:49:00,-26.1732661,27.862728600000025,34.53110593946175,40.0,tall,,3ce33785e5,vehicular,registration,False,True,True,citation,True,False,False,True,True,True,True,consent,registration,False,medium,77
2194063,2011-05-05_23:43:00,-26.1779442,27.884016000000003,31.779394278402602,25.0,medium,male,2b7a7efb70,vehicular,moving traffic violation,True,False,True,arrest,False,False,False,False,True,True,True,consent,moving traffic violation,False,medium,83
2015708,2013-05-11_17:23:00,-26.2381051,27.852305600000008,23.597525651940366,48.0,tall,male,82f2e31c2b,vehicular,moving traffic violation,False,False,True,warning,False,False,False,False,True,False,True,plain view,moving traffic violation,False,medium,59
394067,2013-01-13_23:40:00,-26.1889812,27.851872400000005,28.11113480116264,25.0,tall,female,3ce33785e5,vehicular,registration,False,True,True,citation,False,False,False,False,True,True,True,consent,registration,False,medium,77
52717,2015-10-16_22:33:00,-26.174351899999998,27.85361829999998,34.48098223196303,38.0,tall,male,3ce33785e5,vehicular,vehicle equipment violation,False,False,True,warning,False,False,False,True,True,True,True,consent,vehicle equipment violation,False,medium,82
1382945,2013-02-18_04:22:00,-26.1789919,27.877059200000005,19.39333414994771,30.0,short,male,3ce33785e5,vehicular,moving traffic violation,False,True,True,citation,False,False,False,True,True,True,True,consent,moving traffic violation,False,medium,66
2368181,2015-06-25_01:07:00,-26.165424,27.891505800000004,28.384660020238186,21.0,medium,female,3ce33785e5,vehicular,moving traffic violation,False,True,True,citation,True,True,False,False,True,False,True,plain view,moving traffic violation,False,medium,99
1838886,2015-04-17_22:19:00,-26.1668223,27.892515500000002,27.63026486102746,39.0,medium,male,3ce33785e5,vehicular,moving traffic violation,False,True,True,citation,True,True,False,True,True,True,True,consent,moving traffic violation,True,medium,104
252865,2010-11-13_01:40:00,-26.17670199999999,27.887734200000025,24.800340379935754,22.0,tall,female,2b7a7efb70,vehicular,moving traffic violation,True,True,False,arrest,True,True,False,False,True,True,True,consent,moving traffic violation,False,medium,102
1324661,2015-02-11_23:53:00,-26.173092799999992,27.86138890000001,17.052960665781352,18.0,tall,male,3ce33785e5,vehicular,moving traffic violation,False,False,True,warning,False,False,False,True,True,True,True,consent,moving traffic violation,False,medium,68
2070979,2011-05-18_02:38:00,-26.1742312,27.852292500000004,25.69683408118198,18.0,tall,male,2b7a7efb70,vehicular,moving traffic violation,False,False,True,warning,False,False,False,False,True,True,True,consent,moving traffic violation,False,medium,73
1580837,2011-03-16_23:45:00,-26.1780405,27.881455500000044,30.575907569606965,21.0,tall,male,2b7a7efb70,vehicular,moving traffic violation,False,True,True,citation,True,True,False,False,True,True,True,probable cause,moving traffic violation,False,medium,82
784474,2014-01-31_03:34:00,-26.1855476,27.857268100000027,20.590015803178886,21.0,medium,male,3ce33785e5,vehicular,investigative stop,False,True,True,citation,False,False,False,True,True,True,False,consent,investigative stop,False,medium,71
1616071,2014-03-20_03:19:00,-26.186039099999995,27.867962100000028,21.079469692101863,33.0,medium,female,3ce33785e5,vehicular,moving traffic violation,False,True,True,citation,True,False,False,True,True,True,True,consent,moving traffic violation,False,medium,68
2601174,2015-07-28_01:51:00,-26.1728976,27.8956948,18.267618447381974,36.0,medium,female,3ce33785e5,vehicular,moving traffic violation,False,False,True,warning,False,False,False,True,True,True,True,consent,moving traffic violation,False,medium,79
2876016,2015-08-08_00:47:00,-26.173012799999995,27.897247800000002,23.073711963224277,34.0,medium,male,3ce33785e5,vehicular,moving traffic violation,False,True,True,citation,False,False,False,True,True,False,False,consent,moving traffic violation,False,medium,76
1813152,2013-04-14_04:29:00,-26.179853,27.872147400000003,34.98919885096008,21.0,medium,male,3ce33785e5,vehicular,investigative stop,False,False,True,warning,False,False,False,True,True,True,True,consent,investigative stop,False,medium,76
2170407,2014-05-30_04:43:00,-26.1781609,27.87211359999999,18.23463771683192,37.0,medium,male,6f0e6c9ea2,vehicular,moving traffic violation,True,False,False,arrest,False,False,False,True,True,True,True,consent,moving traffic violation,False,medium,62
596902,2011-12-20_01:56:00,-26.181686,27.870889000000005,27.26998284696228,26.0,tall,female,2b7a7efb70,vehicular,seatbelt violation,False,True,True,citation,False,False,False,False,True,True,True,consent,seatbelt violation,False,medium,67
2951983,2013-09-18_17:48:00,-26.1432718,27.869305000000026,35.85082527521758,47.0,tall,male,82f2e31c2b,vehicular,moving traffic violation,False,False,True,warning,False,False,False,False,True,False,True,plain view,moving traffic violation,False,medium,61
2903423,2015-09-01_01:12:00,-26.1724783,27.856467500000008,28.365349942807423,27.0,short,male,3ce33785e5,vehicular,moving traffic violation,False,True,True,citation,True,True,False,True,True,True,True,consent,moving traffic violation,False,medium,99
2235645,2014-06-10_23:22:00,-26.185748799999992,27.868971400000007,29.678294434472793,25.0,medium,male,3ce33785e5,vehicular,vehicle equipment violation,False,True,True,citation,False,False,False,True,True,True,True,consent,vehicle equipment violation,False,medium,66
2461510,2012-07-10_18:14:00,-26.15773529999999,27.864781800000003,20.666802954133445,39.0,tall,male,82f2e31c2b,vehicular,moving traffic violation,False,False,True,warning,False,False,False,False,True,False,True,plain view,moving traffic violation,False,medium,55
2377555,2011-06-27_12:49:00,-26.183543999999998,27.856420400000005,30.83665212502323,29.0,tall,male,2b7a7efb70,vehicular,vehicle equipment violation,True,False,True,arrest,True,True,False,False,True,True,True,consent,vehicle equipment violation,False,medium,99
1354719,2014-02-14_02:22:00,-26.1781609,27.87211359999999,14.052848016517038,21.0,tall,,6f0e6c9ea2,vehicular,moving traffic violation,True,False,False,arrest,False,False,False,True,True,True,True,other,moving traffic violation,False,medium,72
1868443,2015-04-21_00:25:00,-26.174959499999986,27.89385079999998,29.611316599822256,35.0,medium,male,3ce33785e5,vehicular,moving traffic violation,False,False,True,warning,False,False,False,True,True,True,True,consent,moving traffic violation,False,medium,65
2177200,2014-05-31_00:48:00,-26.181181199999997,27.86357959999998,29.39386626287198,21.0,tall,female,3ce33785e5,vehicular,vehicle equipment violation,False,True,True,citation,False,False,False,True,True,True,True,consent,vehicle equipment violation,False,medium,68
1922787,2014-04-27_01:20:00,-26.1781609,27.87211359999999,26.485809756393948,38.0,medium,male,6f0e6c9ea2,vehicular,moving traffic violation,True,False,False,arrest,False,False,False,True,True,True,True,other,moving traffic violation,False,medium,86
2900002,2011-09-01_01:20:00,-26.204684999999998,27.924415600000003,15.879866275996324,22.0,tall,male,82f2e31c2b,vehicular,moving traffic violation,False,False,True,warning,False,False,False,False,True,False,True,plain view,moving traffic violation,False,high,69
2381972,2014-06-27_02:23:00,-26.173416699999997,27.942547200000007,28.7119675725276,21.0,tall,male,82f2e31c2b,vehicular,moving traffic violation,False,False,True,warning,False,False,False,False,True,False,True,plain view,moving traffic violation,False,high,70
2006601,2012-05-10_01:49:00,-26.173416699999997,27.942547200000007,34.67553391728098,41.0,short,male,82f2e31c2b,vehicular,moving traffic violation,True,False,False,arrest,False,False,False,False,True,True,True,plain view,moving traffic violation,False,high,64
2251171,2013-06-01_00:57:00,-26.177522099999997,27.927282700000006,18.46388157588062,24.0,medium,male,82f2e31c2b,vehicular,moving traffic violation,False,False,True,warning,False,False,False,False,True,False,True,plain view,moving traffic violation,False,high,71
362120,2014-11-26_00:52:00,-26.173276099999995,27.940987000000007,34.27993674394068,21.0,tall,female,82f2e31c2b,vehicular,vehicle equipment violation,False,False,True,warning,False,False,False,False,True,False,True,plain view,vehicle equipment violation,False,high,61
2611262,2012-07-30_00:50:00,-26.178528,27.928059700000006,37.46352392947916,21.0,tall,female,82f2e31c2b,vehicular,moving traffic violation,False,False,True,warning,False,False,False,False,True,False,True,plain view,moving traffic violation,False,high,55
2839752,2012-08-03_01:16:00,-26.204684999999998,27.924415600000003,32.205897926585386,25.0,tall,male,82f2e31c2b,vehicular,moving traffic violation,False,False,True,warning,False,False,False,False,True,False,True,plain view,moving traffic violation,True,high,55
1563907,2010-03-14_22:49:00,-26.173416699999997,27.942547200000007,22.282792244113953,26.0,tall,male,82f2e31c2b,vehicular,vehicle equipment violation,False,False,True,warning,False,False,False,False,True,False,True,plain view,vehicle equipment violation,False,high,54
2917121,2014-09-13_00:25:00,-26.179543099999997,27.928801800000002,19.462291897014335,29.0,tall,male,82f2e31c2b,vehicular,vehicle equipment violation,False,False,True,warning,False,False,False,False,True,False,True,plain view,vehicle equipment violation,False,high,58
246446,2010-11-12_03:04:00,-26.204684999999998,27.924415600000003,13.9536981306381,40.0,medium,male,82f2e31c2b,vehicular,moving traffic violation,False,False,True,warning,False,False,False,False,True,False,True,plain view,moving traffic violation,False,high,53
381724,2012-11-30_01:07:00,-26.1854437,27.9168303,24.465091089926904,24.0,tall,female,82f2e31c2b,vehicular,moving traffic violation,False,False,True,warning,False,False,False,False,True,False,True,plain view,moving traffic violation,False,high,62
1618769,2010-03-21_03:18:00,-26.186500799999997,27.915609900000007,22.490185891321715,22.0,tall,male,01aa59bb70,vehicular,moving traffic violation,True,False,False,arrest,False,False,False,False,True,True,False,other,moving traffic violation,False,high,69
2622551,2010-07-03_03:49:00,-26.173416699999997,27.942547200000007,28.38914671670321,23.0,tall,male,82f2e31c2b,vehicular,moving traffic violation,False,False,True,warning,False,False,False,False,True,False,True,plain view,moving traffic violation,False,high,63
1646414,2013-03-23_00:51:00,-26.159108699999997,27.922785000000005,26.602056436683778,22.0,tall,female,6f0e6c9ea2,vehicular,moving traffic violation,True,False,False,arrest,False,False,False,True,True,True,True,other,moving traffic violation,False,high,84
1362399,2015-02-15_00:11:00,-26.178623199999997,27.9306708,36.35334561738035,21.0,medium,female,82f2e31c2b,vehicular,moving traffic violation,False,False,True,warning,False,False,False,False,True,False,True,plain view,moving traffic violation,False,high,55
116606,2012-10-25_00:10:00,-26.174365099999996,27.940284500000004,22.903540521377007,22.0,tall,female,82f2e31c2b,vehicular,vehicle equipment violation,False,False,True,warning,False,False,False,False,True,False,True,plain view,vehicle equipment violation,False,high,61
2446319,2011-06-08_01:10:00,-26.204684999999998,27.924415600000003,31.26616118013352,52.0,tall,male,82f2e31c2b,vehicular,moving traffic violation,False,False,True,warning,False,False,False,False,True,False,True,plain view,moving traffic violation,False,high,74
1555169,2015-03-12_01:20:00,-26.204684999999998,27.924415600000003,28.07750063827081,46.0,medium,female,82f2e31c2b,vehicular,moving traffic violation,False,False,True,warning,False,False,False,False,True,False,True,plain view,moving traffic violation,False,high,73
2828220,2014-08-30_00:54:00,-26.179543099999997,27.928801800000002,30.884964526175935,26.0,tall,male,82f2e31c2b,vehicular,vehicle equipment violation,False,False,True,warning,False,False,False,False,True,False,True,plain view,vehicle equipment violation,False,high,69
1312836,2011-02-10_23:47:00,-26.176205699999997,27.935604900000044,23.55847342098479,50.0,medium,male,2b7a7efb70,vehicular,moving traffic violation,False,True,False,citation,False,False,False,False,True,True,True,consent,moving traffic violation,False,high,99
2713087,2012-08-15_02:35:00,-26.174552,27.939827800000003,26.119229728198007,30.0,tall,male,82f2e31c2b,vehicular,moving traffic violation,False,False,True,warning,False,False,False,False,True,False,True,plain view,moving traffic violation,False,high,65
2347131,2010-06-23_01:55:00,-26.175707099999997,27.93710990000001,23.337097974995242,39.0,tall,male,82f2e31c2b,vehicular,vehicle equipment violation,False,False,True,warning,False,False,False,False,True,False,True,plain view,vehicle equipment violation,False,high,53
1950428,2011-04-03_01:50:00,-26.1924139,27.929241200000007,28.273562767872555,21.0,tall,male,82f2e31c2b,vehicular,moving traffic violation,False,False,True,warning,False,False,False,False,True,False,True,plain view,moving traffic violation,False,high,69
2027412,2011-05-12_02:09:00,-26.205594599999998,27.923414000000008,24.706064565595035,26.0,medium,male,82f2e31c2b,vehicular,moving traffic violation,False,False,True,warning,False,False,False,False,True,False,True,plain view,moving traffic violation,False,high,58
840512,2011-01-09_01:04:00,-26.204684999999998,27.924415600000003,26.1891392325276,21.0,tall,female,82f2e31c2b,vehicular,moving traffic violation,False,False,True,warning,False,False,False,False,True,False,True,plain view,moving traffic violation,False,high,61
2784727,2013-08-24_02:28:00,-26.178623199999997,27.9306708,22.45588518796347,24.0,medium,male,82f2e31c2b,vehicular,moving traffic violation,False,False,True,warning,False,False,False,False,True,False,True,plain view,moving traffic violation,True,high,61
2531018,2012-07-19_05:23:00,-26.173416699999997,27.942547200000007,47.81780679148743,39.0,tall,female,82f2e31c2b,vehicular,vehicle equipment violation,False,False,True,warning,False,False,False,False,True,False,True,plain view,vehicle equipment violation,False,high,69
2038831,2015-05-13_01:10:00,-26.184501399999995,27.918575000000004,31.85930561882307,23.0,tall,male,82f2e31c2b,vehicular,moving traffic violation,False,False,True,warning,False,False,False,False,True,False,True,plain view,moving traffic violation,False,high,59
2190402,2014-05-04_23:29:00,-26.204684999999998,27.924415600000003,29.496866847228954,25.0,tall,female,82f2e31c2b,vehicular,moving traffic violation,False,False,True,warning,False,False,False,False,True,False,True,plain view,moving traffic violation,False,high,62
2404290,2015-06-30_00:29:00,-26.204684999999998,27.924415600000003,29.095286532416914,54.0,short,male,82f2e31c2b,vehicular,moving traffic violation,False,False,True,warning,False,False,False,False,True,False,True,plain view,moving traffic violation,False,high,71
1809441,2010-04-14_00:48:00,-26.183478299999997,27.920680000000004,25.226986379095663,24.0,tall,female,82f2e31c2b,vehicular,moving traffic violation,False,False,True,warning,False,False,False,False,True,False,True,plain view,moving traffic violation,False,high,63
2015403,2013-05-11_00:38:00,-26.183768999999998,27.920082600000043,31.260866359922954,31.0,tall,male,82f2e31c2b,vehicular,moving traffic violation,False,False,True,warning,False,False,False,False,True,False,True,plain view,moving traffic violation,False,high,59
1956873,2016-04-03_23:25:00,-26.204684999999998,27.924415600000003,38.56422367003812,24.0,short,female,82f2e31c2b,vehicular,moving traffic violation,False,False,True,warning,False,False,False,False,True,False,True,plain view,moving traffic violation,False,high,61
2007028,2012-05-10_05:19:00,-26.1825294,27.92149520000001,14.962761085784011,43.0,tall,female,82f2e31c2b,vehicular,moving traffic violation,False,False,True,warning,False,False,False,False,True,False,True,plain view,moving traffic violation,False,high,71
463775,2010-01-18_01:12:00,-26.173416699999997,27.942547200000007,33.720957880303565,26.0,medium,male,82f2e31c2b,vehicular,moving traffic violation,False,False,True,warning,False,False,False,False,True,False,True,plain view,moving traffic violation,False,high,65
1502185,2010-02-07_23:46:00,-26.208344299999986,27.922992800000003,26.13627027465038,41.0,tall,female,82f2e31c2b,vehicular,moving traffic violation,False,False,True,warning,False,False,False,False,True,False,True,plain view,moving traffic violation,False,high,60
1695563,2014-03-29_01:02:00,-26.204684999999998,27.924415600000003,16.075073435693675,23.0,medium,female,82f2e31c2b,vehicular,moving traffic violation,False,False,True,warning,False,False,False,False,True,False,True,plain view,moving traffic violation,False,high,67
2797575,2012-08-26_02:18:00,-26.1825294,27.92149520000001,32.75790407812875,21.0,medium,male,82f2e31c2b,vehicular,moving traffic violation,False,False,True,warning,False,False,False,True,True,True,True,probable cause,moving traffic violation,False,high,72
2721584,2013-08-16_23:40:00,-26.205594599999998,27.923414000000008,22.794413752313343,43.0,medium,female,82f2e31c2b,vehicular,vehicle equipment violation,False,False,True,warning,False,False,False,False,True,False,True,plain view,vehicle equipment violation,False,high,66
2978237,2012-09-02_00:31:00,-26.1913586,27.929389299999983,31.92568863316216,28.0,medium,male,82f2e31c2b,vehicular,moving traffic violation,False,False,True,warning,False,False,False,False,True,False,True,plain view,moving traffic violation,False,high,64
64632,2013-10-18_02:24:00,-26.1874106,27.914503100000005,17.335603141770125,27.0,tall,male,6f0e6c9ea2,vehicular,moving traffic violation,True,False,False,arrest,False,False,False,True,True,True,True,other,moving traffic violation,False,high,74
2990669,2011-09-23_01:20:00,-26.205594599999998,27.923414000000008,22.43560737172562,38.0,short,male,82f2e31c2b,vehicular,vehicle equipment violation,False,False,True,warning,False,False,False,False,True,False,True,plain view,vehicle equipment violation,False,high,67
2696234,2015-08-12_05:09:00,-26.173416699999997,27.942547200000007,37.211352012460836,56.0,tall,male,82f2e31c2b,vehicular,moving traffic violation,False,False,True,warning,False,False,False,False,True,False,True,plain view,moving traffic violation,False,high,62
1708119,2011-03-31_03:09:00,-26.17444379999999,27.943206900000007,26.96695461147833,28.0,tall,male,82f2e31c2b,vehicular,moving traffic violation,False,False,True,warning,False,False,False,False,True,False,True,plain view,moving traffic violation,False,high,64
160303,2015-10-31_01:30:00,-26.204684999999998,27.924415600000003,29.898051785882974,33.0,medium,male,82f2e31c2b,vehicular,moving traffic violation,False,False,True,warning,False,False,False,False,True,False,True,plain view,moving traffic violation,False,high,69
2409275,2012-06-03_04:34:00,-26.189136499999996,27.9125978,28.488614645137023,54.0,tall,male,82f2e31c2b,vehicular,moving traffic violation,False,False,True,warning,False,False,False,False,True,False,True,plain view,moving traffic violation,False,high,61
2501534,2010-07-15_02:21:00,-26.175707099999997,27.93710990000001,38.403508664771806,19.0,tall,female,82f2e31c2b,vehicular,moving traffic violation,False,False,True,warning,False,False,False,False,True,False,True,plain view,moving traffic violation,False,high,68
1422364,2011-02-23_00:59:00,-26.204684999999998,27.924415600000003,17.33643285747183,37.0,tall,male,82f2e31c2b,vehicular,moving traffic violation,False,False,True,warning,False,False,False,False,True,False,True,plain view,moving traffic violation,False,high,61
3018886,2012-09-27_01:00:00,-26.2041088,27.924966000000026,27.95201266692761,53.0,medium,male,82f2e31c2b,vehicular,moving traffic violation,False,False,True,warning,False,False,False,False,True,False,True,plain view,moving traffic violation,False,high,68
1703376,2014-03-30_01:51:00,-26.1854437,27.9168303,21.325563497039887,24.0,tall,male,82f2e31c2b,vehicular,moving traffic violation,False,False,True,warning,False,False,False,False,True,False,True,plain view,moving traffic violation,False,high,73
2002725,2015-04-09_01:37:00,-26.1863035,27.9158137,31.632796702963077,35.0,tall,male,82f2e31c2b,vehicular,vehicle equipment violation,False,False,True,warning,False,False,False,False,True,False,True,plain view,vehicle equipment violation,False,high,74
2941751,2010-09-17_04:01:00,-26.218811399999986,27.918717000000044,26.627393879238664,40.0,medium,female,82f2e31c2b,vehicular,moving traffic violation,False,False,True,warning,False,False,False,False,True,False,True,plain view,moving traffic violation,False,high,65
2977454,2011-09-02_04:41:00,-26.1844241,27.918733200000005,42.93085771475575,27.0,tall,female,82f2e31c2b,vehicular,moving traffic violation,False,False,True,warning,False,False,False,False,True,False,True,plain view,moving traffic violation,False,high,65
2728724,2013-08-17_00:26:00,-26.1874106,27.914503100000005,33.04082940688478,24.0,medium,female,82f2e31c2b,vehicular,moving traffic violation,False,False,True,warning,False,False,False,False,True,False,True,plain view,moving traffic violation,False,high,59
1527650,2012-03-10_00:35:00,-26.185924399999998,27.930157900000026,23.247280245428662,31.0,tall,male,82f2e31c2b,vehicular,moving traffic violation,False,False,True,warning,False,False,False,False,True,False,True,plain view,moving traffic violation,False,high,54
2985359,2012-09-22_05:26:00,-26.183043999999995,27.92162540000001,25.577263625372478,30.0,tall,male,82f2e31c2b,vehicular,vehicle equipment violation,False,False,True,warning,False,False,False,False,True,False,True,plain view,vehicle equipment violation,False,high,56
303240,2013-01-01_02:57:00,-26.173416699999997,27.942547200000007,33.23811223564486,26.0,tall,female,82f2e31c2b,vehicular,vehicle equipment violation,False,False,True,warning,False,False,False,False,True,False,True,plain view,vehicle equipment violation,False,high,67
2868104,2014-08-07_00:19:00,-26.183043999999995,27.92162540000001,40.098876978310265,26.0,tall,female,82f2e31c2b,vehicular,moving traffic violation,False,False,True,warning,False,False,False,False,True,False,True,plain view,moving traffic violation,False,high,57
631352,2012-12-23_22:30:00,-26.146389499999998,27.931141400000044,31.391720917460425,60.0,tall,female,82f2e31c2b,vehicular,vehicle equipment violation,False,False,True,warning,False,False,False,False,True,False,True,plain view,vehicle equipment violation,False,high,65
1731248,2011-03-05_00:46:00,-26.175707099999997,27.93710990000001,26.314254226839893,36.0,short,male,82f2e31c2b,vehicular,moving traffic violation,False,False,True,warning,False,False,False,False,True,False,True,plain view,moving traffic violation,False,high,59
2407864,2011-06-03_00:35:00,-26.183478299999997,27.920680000000004,34.044957958960474,25.0,tall,female,82f2e31c2b,vehicular,moving traffic violation,False,False,True,warning,False,False,False,False,True,False,True,plain view,moving traffic violation,False,high,75
1934884,2011-04-29_03:01:00,-26.204684999999998,27.924415600000003,34.482143913169715,33.0,tall,male,82f2e31c2b,vehicular,moving traffic violation,False,False,True,warning,False,False,False,False,True,False,True,plain view,moving traffic violation,False,high,66
2851893,2011-08-05_00:21:00,-26.1844241,27.918733200000005,41.14127927915452,25.0,tall,female,82f2e31c2b,vehicular,moving traffic violation,False,False,True,warning,False,False,False,False,True,False,True,plain view,moving traffic violation,False,high,64
3052399,2011-09-04_02:18:00,-26.1790582,27.925447800000043,15.583418105015411,24.0,tall,female,82f2e31c2b,vehicular,moving traffic violation,False,False,True,warning,False,False,False,False,True,False,True,plain view,moving traffic violation,False,high,64
1906290,2012-04-25_00:38:00,-26.204684999999998,27.924415600000003,21.133900327003218,41.0,tall,male,82f2e31c2b,vehicular,moving traffic violation,False,False,True,warning,False,False,False,False,True,False,True,plain view,moving traffic violation,False,high,70
1486712,2010-02-05_02:13:00,-26.204684999999998,27.924415600000003,33.35177884219758,35.0,short,male,82f2e31c2b,vehicular,moving traffic violation,False,False,True,warning,False,False,False,False,True,False,True,plain view,moving traffic violation,False,high,68
1680041,2014-03-27_05:33:00,-26.178623199999997,27.9306708,17.615052109247394,64.0,tall,female,82f2e31c2b,vehicular,moving traffic violation,False,False,True,warning,False,False,False,False,True,False,True,plain view,moving traffic violation,False,high,58
142481,2011-10-29_00:07:00,-26.173276099999995,27.940987000000007,37.53836543394984,30.0,tall,female,82f2e31c2b,vehicular,registration,False,False,True,warning,False,False,False,False,True,False,True,plain view,registration,False,high,64
2320437,2014-06-20_00:30:00,-26.1767525,27.936001800000028,37.806388616533994,24.0,tall,male,82f2e31c2b,vehicular,moving traffic violation,False,False,True,warning,False,False,False,False,True,False,True,plain view,moving traffic violation,False,high,63
562758,2012-12-16_22:45:00,-26.204684999999998,27.924415600000003,17.09650821077673,50.0,medium,male,82f2e31c2b,vehicular,moving traffic violation,False,False,True,warning,False,False,False,False,True,False,True,plain view,moving traffic violation,False,high,61
408577,2012-01-14_04:35:00,-26.205594599999998,27.923414000000008,20.16977254163372,26.0,tall,female,82f2e31c2b,vehicular,moving traffic violation,False,False,True,warning,False,False,False,False,True,False,True,plain view,moving traffic violation,False,high,57
2857748,2010-08-06_04:05:00,-26.183478299999997,27.920680000000004,32.838778599552306,33.0,tall,male,82f2e31c2b,vehicular,moving traffic violation,False,False,True,warning,False,False,False,False,True,False,True,plain view,moving traffic violation,False,high,72
343085,2012-11-23_23:57:00,-26.177696200000007,27.9325666,26.782535411114775,41.0,tall,male,82f2e31c2b,vehicular,vehicle equipment violation,False,False,True,warning,False,False,False,False,True,False,True,plain view,vehicle equipment violation,False,high,62
224286,2010-11-11_04:15:00,-26.1769896,27.934008700000007,21.566570502821023,18.0,tall,female,82f2e31c2b,vehicular,vehicle equipment violation,False,False,True,warning,False,False,False,False,True,False,True,plain view,vehicle equipment violation,False,high,61
1555710,2015-03-12_05:12:00,-26.181191,27.925463000000008,30.754039476381497,41.0,tall,female,82f2e31c2b,vehicular,moving traffic violation,False,False,True,warning,False,False,False,False,True,False,True,plain view,moving traffic violation,False,high,62
2853174,2012-08-05_03:37:00,-26.173416699999997,27.942547200000007,31.63321358040549,30.0,short,male,82f2e31c2b,vehicular,moving traffic violation,False,False,True,warning,False,False,False,False,True,False,True,plain view,moving traffic violation,False,high,74
1515888,2015-02-08_23:15:00,-26.183043999999995,27.92162540000001,15.762586631775948,24.0,medium,male,82f2e31c2b,vehicular,moving traffic violation,False,False,True,warning,False,False,False,False,True,False,True,plain view,moving traffic violation,False,high,59
313684,2012-11-21_23:47:00,-26.1740111,27.94116290000001,26.496767745558262,21.0,tall,male,82f2e31c2b,vehicular,moving traffic violation,False,False,True,warning,False,False,False,False,True,False,True,plain view,moving traffic violation,False,high,68
2466985,2011-07-11_02:10:00,-26.1872119,27.929945800000027,32.096697530525816,27.0,tall,female,82f2e31c2b,vehicular,vehicle equipment violation,False,False,True,warning,False,False,False,False,True,False,True,plain view,vehicle equipment violation,False,high,72
2853073,2012-08-05_00:57:00,-26.185924399999998,27.930157900000026,28.65544022186035,23.0,tall,female,82f2e31c2b,vehicular,moving traffic violation,False,False,True,warning,False,False,False,False,True,False,True,plain view,moving traffic violation,False,high,57
2426433,2013-06-05_01:51:00,-26.178994699999997,27.933518600000028,25.29105496222923,45.0,medium,male,82f2e31c2b,vehicular,moving traffic violation,False,False,True,warning,False,False,False,False,True,False,True,plain view,moving traffic violation,False,high,63
536012,2012-12-12_02:17:00,-26.173416699999997,27.942547200000007,25.927456811396635,42.0,tall,male,82f2e31c2b,vehicular,moving traffic violation,False,False,True,warning,False,False,False,False,True,False,True,plain view,moving traffic violation,False,high,60
2492321,2014-07-13_23:30:00,-26.176205699999997,27.935604900000044,27.254694296499842,17.0,tall,female,82f2e31c2b,vehicular,vehicle equipment violation,False,False,True,warning,False,False,False,False,True,False,True,plain view,vehicle equipment violation,False,high,51
190247,2011-10-07_03:23:00,-26.1844241,27.918733200000005,28.390225868398733,23.0,tall,male,6f0e6c9ea2,vehicular,moving traffic violation,True,False,False,arrest,False,False,False,True,True,False,False,other,moving traffic violation,False,high,74
1680957,2015-03-27_01:51:00,-26.178623199999997,27.9306708,28.959162556739113,25.0,tall,male,82f2e31c2b,vehicular,moving traffic violation,False,False,True,warning,False,False,False,False,True,False,True,plain view,moving traffic violation,False,high,72
1335464,2011-02-12_01:30:00,-26.1863035,27.9158137,29.093822469566668,31.0,short,female,82f2e31c2b,vehicular,vehicle equipment violation,False,False,True,warning,False,False,False,False,True,False,True,plain view,vehicle equipment violation,False,high,62
1362467,2015-02-15_01:26:00,-26.204684999999998,27.924415600000003,25.212257657072453,35.0,tall,female,82f2e31c2b,vehicular,moving traffic violation,False,False,True,warning,False,False,False,False,True,False,True,plain view,moving traffic violation,False,high,61
2822008,2015-08-29_04:29:00,-26.174365099999996,27.940284500000004,20.65785012425228,26.0,tall,female,82f2e31c2b,vehicular,vehicle equipment violation,False,False,True,warning,False,False,False,False,True,False,True,plain view,vehicle equipment violation,False,high,67
2396033,2014-06-29_22:15:00,-26.204684999999998,27.924415600000003,26.923175889390375,23.0,tall,male,82f2e31c2b,vehicular,moving traffic violation,False,False,True,warning,False,False,False,False,True,False,True,plain view,moving traffic violation,False,high,61
1707986,2011-03-31_01:51:00,-26.1760541,27.911861400000006,33.60035860329321,20.0,medium,male,2b7a7efb70,vehicular,moving traffic violation,False,False,True,warning,False,False,False,False,True,True,True,consent,moving traffic violation,False,high,78
2012470,2011-05-11_00:31:00,-26.204684999999998,27.924415600000003,21.581914476793745,28.0,tall,male,82f2e31c2b,vehicular,moving traffic violation,False,False,True,warning,False,False,False,False,True,False,True,plain view,moving traffic violation,False,high,59
2120222,2014-05-23_05:00:00,-26.183768999999998,27.920082600000043,31.05763597863946,27.0,tall,male,82f2e31c2b,vehicular,moving traffic violation,False,False,True,warning,False,False,False,False,True,False,True,plain view,moving traffic violation,False,high,52
226819,2012-11-11_21:27:00,-26.173416699999997,27.942547200000007,21.179691909499482,42.0,medium,female,82f2e31c2b,vehicular,vehicle equipment violation,False,False,True,warning,False,False,False,False,True,False,True,plain view,vehicle equipment violation,False,high,61
2849347,2015-08-04_03:19:00,-26.2077021,27.92557500000001,37.92254595130426,19.0,short,male,6f0e6c9ea2,vehicular,moving traffic violation,False,True,True,citation,False,False,False,True,True,False,False,consent,moving traffic violation,False,high,75
2281570,2013-06-15_01:50:00,-26.1863035,27.9158137,17.235822509673962,33.0,medium,male,82f2e31c2b,vehicular,moving traffic violation,False,False,True,warning,False,False,False,False,True,False,True,plain view,moving traffic violation,False,high,63
46605,2015-10-15_02:24:00,-26.190654499999987,27.91090459999998,39.83383093273983,23.0,tall,female,82f2e31c2b,vehicular,moving traffic violation,False,False,True,warning,False,False,False,False,True,False,True,plain view,moving traffic violation,False,high,62
2184237,2014-05-03_02:04:00,-26.1924139,27.929241200000007,35.231732207727504,51.0,medium,male,82f2e31c2b,vehicular,vehicle equipment violation,False,False,True,warning,False,False,False,False,True,False,True,plain view,vehicle equipment violation,False,high,54
1490352,2014-02-05_01:02:00,-26.1863035,27.9158137,18.838205750090022,28.0,tall,male,82f2e31c2b,vehicular,vehicle equipment violation,False,False,True,warning,False,False,False,False,True,False,True,plain view,vehicle equipment violation,False,high,71
2251132,2013-06-01_01:23:00,-26.1806446,27.926549400000027,13.300008481080273,23.0,medium,male,82f2e31c2b,vehicular,moving traffic violation,False,False,True,warning,False,False,False,False,True,False,True,plain view,moving traffic violation,False,high,60
2841172,2013-08-03_00:46:00,-26.182097399999996,27.923552300000026,21.2276429203488,24.0,tall,male,82f2e31c2b,vehicular,moving traffic violation,False,False,True,warning,False,False,False,False,True,False,True,plain view,moving traffic violation,False,high,62
2317582,2012-06-20_02:05:00,-26.173515999999992,27.943263,28.772489400548782,27.0,tall,female,6f0e6c9ea2,vehicular,moving traffic violation,True,False,False,arrest,False,False,False,False,True,False,True,other,moving traffic violation,False,high,73
2489363,2011-07-13_02:05:00,-26.174552,27.939827800000003,34.73975634666074,33.0,tall,male,82f2e31c2b,vehicular,moving traffic violation,False,False,True,warning,False,False,False,False,True,False,True,plain view,moving traffic violation,False,high,62
721330,2014-12-06_00:23:00,-26.175707099999997,27.93710990000001,21.592349772847825,46.0,medium,male,82f2e31c2b,vehicular,vehicle equipment violation,False,False,True,warning,False,False,False,False,True,False,True,plain view,vehicle equipment violation,False,high,68
1915654,2013-04-26_00:31:00,-26.204684999999998,27.924415600000003,30.70194622436952,30.0,tall,male,82f2e31c2b,vehicular,moving traffic violation,False,False,True,warning,False,False,False,False,True,False,True,plain view,moving traffic violation,False,high,55
2551081,2013-07-02_23:34:00,-26.181191,27.925463000000008,24.67483474176038,35.0,tall,female,82f2e31c2b,vehicular,moving traffic violation,False,False,True,warning,False,False,False,False,True,False,True,plain view,moving traffic violation,False,high,74
1749276,2014-03-07_00:38:00,-26.205594599999998,27.923414000000008,17.394010702261667,27.0,tall,female,82f2e31c2b,vehicular,moving traffic violation,False,False,True,warning,False,False,False,False,True,False,True,plain view,moving traffic violation,False,high,70
1471141,2011-02-03_01:36:00,-26.177124999999997,27.906459700000028,15.08462589154104,36.0,medium,male,2b7a7efb70,vehicular,moving traffic violation,False,True,True,citation,False,False,False,False,True,True,True,consent,moving traffic violation,False,high,84
2599274,2013-07-28_00:46:00,-26.176602799999998,27.929169200000004,27.36340375526993,23.0,tall,female,82f2e31c2b,vehicular,moving traffic violation,False,False,True,warning,False,False,False,False,True,False,True,plain view,moving traffic violation,False,high,59
136451,2012-10-28_01:55:00,-26.174365099999996,27.940284500000004,27.042653748486234,24.0,tall,female,82f2e31c2b,vehicular,vehicle equipment violation,False,False,True,warning,False,False,False,False,True,False,True,plain view,vehicle equipment violation,False,high,60
2680338,2013-08-11_03:26:00,-26.179543099999997,27.928801800000002,34.043527310476435,31.0,tall,male,82f2e31c2b,vehicular,moving traffic violation,False,False,True,warning,False,False,False,False,True,False,True,plain view,moving traffic violation,False,high,65
1597969,2012-03-18_01:44:00,-26.1874106,27.914503100000005,39.64585719764869,21.0,tall,female,82f2e31c2b,vehicular,moving traffic violation,True,False,False,arrest,False,False,False,False,True,True,True,other,moving traffic violation,False,high,63
2012498,2011-05-11_00:45:00,-26.209282099999996,27.922055400000005,17.839977762090946,27.0,tall,male,82f2e31c2b,vehicular,moving traffic violation,False,False,True,warning,False,False,False,False,True,False,True,plain view,moving traffic violation,False,high,62
1518430,2011-02-09_00:01:00,-26.17444379999999,27.943206900000007,36.13974116308739,27.0,tall,female,82f2e31c2b,vehicular,moving traffic violation,False,False,True,warning,False,False,False,False,True,False,True,plain view,moving traffic violation,False,high,61
2501553,2010-07-15_02:42:00,-26.1926877,27.93184420000003,15.852946543789178,20.0,tall,male,82f2e31c2b,vehicular,moving traffic violation,False,False,True,warning,False,False,False,False,True,False,True,plain view,moving traffic violation,False,high,59
1567061,2013-03-14_23:08:00,-26.178161299999992,27.93161810000001,24.208076430638034,34.0,tall,male,82f2e31c2b,vehicular,moving traffic violation,False,False,True,warning,False,False,False,False,True,False,True,plain view,moving traffic violation,False,high,68
1896992,2011-04-24_01:09:00,-26.204684999999998,27.924415600000003,15.631089506404921,24.0,medium,male,82f2e31c2b,vehicular,moving traffic violation,False,False,True,warning,False,False,False,False,True,False,True,plain view,moving traffic violation,False,high,66
2569668,2010-07-24_02:43:00,-26.1769896,27.934008700000007,25.24142658875642,19.0,medium,male,82f2e31c2b,vehicular,moving traffic violation,False,False,True,warning,False,False,False,False,True,False,True,plain view,moving traffic violation,False,high,57
154269,2015-10-30_03:45:00,-26.1841851,27.91587489999999,23.165020078123593,24.0,tall,male,82f2e31c2b,vehicular,moving traffic violation,True,False,True,arrest,False,False,False,True,True,True,True,plain view,moving traffic violation,False,high,58
767217,2014-01-29_00:21:00,-26.1939912,27.938016200000007,31.001574646082382,19.0,tall,female,82f2e31c2b,vehicular,moving traffic violation,False,False,True,warning,False,False,False,False,True,False,True,plain view,moving traffic violation,False,high,56
1802175,2011-04-13_01:01:00,-26.191959699999998,27.929303200000007,36.10114247035323,27.0,tall,female,82f2e31c2b,vehicular,moving traffic violation,False,False,True,warning,False,False,False,False,True,False,True,plain view,moving traffic violation,False,high,60
1397962,2014-02-20_01:51:00,-26.204684999999998,27.924415600000003,41.12000677840098,53.0,medium,,82f2e31c2b,vehicular,moving traffic violation,False,False,True,warning,False,False,False,False,True,False,True,plain view,moving traffic violation,False,high,65
2738772,2010-08-19_05:02:00,-26.173276099999995,27.940987000000007,35.260699290043725,48.0,tall,female,82f2e31c2b,vehicular,moving traffic violation,False,False,True,warning,False,False,False,False,True,False,True,plain view,moving traffic violation,False,high,61
2548373,2010-07-02_03:50:00,-26.174552,27.939827800000003,35.92455128588606,26.0,tall,female,82f2e31c2b,vehicular,moving traffic violation,False,False,True,warning,False,False,False,False,True,False,True,plain view,moving traffic violation,False,high,57
458803,2014-11-07_00:40:00,-26.205594599999998,27.923414000000008,18.48593815550952,20.0,medium,female,82f2e31c2b,vehicular,moving traffic violation,False,False,True,warning,False,False,False,False,True,False,True,plain view,moving traffic violation,True,high,72
2108476,2011-05-22_02:28:00,-26.205594599999998,27.923414000000008,18.120502370936773,26.0,tall,male,82f2e31c2b,vehicular,moving traffic violation,False,False,True,warning,False,False,False,False,True,False,True,plain view,moving traffic violation,False,high,68
1769884,2010-04-10_02:30:00,-26.1741917,27.93408909999998,15.781093774283313,28.0,tall,female,01aa59bb70,vehicular,moving traffic violation,True,False,False,arrest,False,False,False,False,True,True,False,other,moving traffic violation,False,high,63
1606854,2013-03-19_23:11:00,-26.1911615,27.929419300000006,35.65550103682513,19.0,tall,female,82f2e31c2b,vehicular,moving traffic violation,False,False,True,warning,False,False,False,False,True,False,True,plain view,moving traffic violation,False,high,63
2370202,2010-06-26_02:10:00,-26.173501099999996,27.935501800000026,26.2421720494805,21.0,tall,male,01aa59bb70,vehicular,moving traffic violation,False,False,True,warning,False,False,False,False,True,True,False,consent,moving traffic violation,False,high,70
2768902,2012-08-22_03:05:00,-26.174552,27.939827800000003,20.27761050828477,25.0,tall,male,82f2e31c2b,vehicular,moving traffic violation,False,False,True,warning,False,False,False,False,True,False,True,plain view,moving traffic violation,False,high,70
2118406,2013-05-23_23:41:00,-26.174365099999996,27.940284500000004,24.07096546785027,51.0,medium,male,82f2e31c2b,vehicular,moving traffic violation,False,False,True,warning,False,False,False,False,True,False,True,plain view,moving traffic violation,False,high,69
439461,2012-11-06_21:53:00,-26.183768999999998,27.920082600000043,35.26770267563181,51.0,tall,male,82f2e31c2b,vehicular,investigative stop,False,False,True,warning,False,False,False,False,True,False,True,plain view,investigative stop,False,high,53
3045480,2011-09-03_01:06:00,-26.205594599999998,27.923414000000008,21.644792643171517,20.0,tall,male,82f2e31c2b,vehicular,moving traffic violation,False,False,True,warning,False,False,False,False,True,False,True,plain view,moving traffic violation,False,high,64
2996710,2010-09-24_01:17:00,-26.174365099999996,27.940284500000004,32.96935850768346,44.0,medium,female,82f2e31c2b,vehicular,vehicle equipment violation,False,False,True,warning,False,False,False,False,True,False,True,plain view,vehicle equipment violation,False,high,61
348173,2012-11-24_01:07:00,-26.1913586,27.929389299999983,27.680157126014905,23.0,tall,male,82f2e31c2b,vehicular,moving traffic violation,False,False,True,warning,False,False,False,False,True,False,True,plain view,moving traffic violation,False,high,68
2048581,2011-05-15_04:04:00,-26.173416699999997,27.942547200000007,30.10151576731494,25.0,tall,male,82f2e31c2b,vehicular,moving traffic violation,False,False,True,warning,False,False,False,False,True,False,True,plain view,moving traffic violation,False,high,60
3026421,2012-09-28_03:19:00,-26.183768999999998,27.920082600000043,36.24118495551279,20.0,tall,female,82f2e31c2b,vehicular,moving traffic violation,False,False,True,warning,False,False,False,False,True,False,True,plain view,moving traffic violation,False,high,62
2015273,2013-05-11_01:13:00,-26.204684999999998,27.924415600000003,27.987788265773638,48.0,tall,male,82f2e31c2b,vehicular,moving traffic violation,False,False,True,warning,False,False,False,False,True,False,True,plain view,moving traffic violation,False,high,70
2370200,2010-06-26_02:07:00,-26.183478299999997,27.920680000000004,27.40260815944739,31.0,medium,male,82f2e31c2b,vehicular,moving traffic violation,True,False,True,arrest,False,False,False,False,True,True,True,plain view,moving traffic violation,False,high,66
2728703,2013-08-17_00:07:00,-26.209282099999996,27.922055400000005,27.172720472689683,21.0,tall,female,82f2e31c2b,vehicular,vehicle equipment violation,False,False,True,warning,False,False,False,False,True,False,True,plain view,vehicle equipment violation,False,high,61
2782296,2011-08-24_02:12:00,-26.173416699999997,27.942547200000007,26.900654708389162,51.0,medium,female,82f2e31c2b,vehicular,moving traffic violation,False,False,True,warning,False,False,False,False,True,False,True,plain view,moving traffic violation,False,high,63
1380364,2011-02-18_00:07:00,-26.175675999999996,27.931050400000018,21.420848349583405,21.0,tall,male,82f2e31c2b,vehicular,moving traffic violation,False,False,True,warning,False,False,False,False,True,False,True,plain view,moving traffic violation,False,high,65
1389060,2013-02-19_22:06:00,-26.1933626,27.929120400000002,23.46022810423991,23.0,tall,male,82f2e31c2b,vehicular,moving traffic violation,False,False,True,warning,False,False,False,False,True,False,True,plain view,moving traffic violation,False,high,64
2502675,2011-07-15_02:25:00,-26.1933626,27.929120400000002,32.43709983930048,31.0,medium,female,82f2e31c2b,vehicular,moving traffic violation,False,False,True,warning,False,False,False,False,True,False,True,plain view,moving traffic violation,False,high,64
1386324,2016-02-18_21:20:00,-26.170736399999996,27.905863600000004,27.664968079734063,24.0,medium,female,3ce33785e5,vehicular,moving traffic violation,False,False,True,warning,False,False,False,False,True,False,True,probable cause,moving traffic violation,False,high,72
2593447,2013-07-27_02:34:00,-26.183043999999995,27.92162540000001,22.806834398512198,42.0,tall,female,82f2e31c2b,vehicular,moving traffic violation,False,False,True,warning,False,False,False,False,True,False,True,plain view,moving traffic violation,False,high,62
1394465,2011-02-20_04:15:00,-26.196750299999998,27.92865279999998,21.38406346945457,30.0,medium,male,82f2e31c2b,vehicular,vehicle equipment violation,False,False,True,warning,False,False,False,False,True,False,True,plain view,vehicle equipment violation,False,high,63
1975611,2012-04-06_05:14:00,-26.204684999999998,27.924415600000003,34.15837261846977,34.0,tall,male,82f2e31c2b,vehicular,moving traffic violation,False,False,True,warning,False,False,False,False,True,False,True,plain view,moving traffic violation,False,high,61
1694559,2013-03-29_00:16:00,-26.182563699999996,27.930659000000006,44.67696155571374,27.0,tall,male,82f2e31c2b,vehicular,moving traffic violation,False,False,True,warning,False,False,False,False,True,False,True,plain view,moving traffic violation,False,high,56
1775403,2015-04-10_00:13:00,-26.183768999999998,27.920082600000043,34.298180856441306,20.0,tall,male,82f2e31c2b,vehicular,moving traffic violation,False,False,True,warning,False,False,False,False,True,False,True,plain view,moving traffic violation,False,high,69
3027518,2013-09-28_00:08:00,-26.204684999999998,27.924415600000003,26.133837432551303,24.0,tall,female,82f2e31c2b,vehicular,moving traffic violation,False,False,True,warning,False,False,False,False,True,False,True,plain view,moving traffic violation,False,high,73
3054200,2013-09-04_00:08:00,-26.2041088,27.924966000000026,25.293205196877416,33.0,tall,male,82f2e31c2b,vehicular,moving traffic violation,False,False,True,warning,False,False,False,False,True,False,True,plain view,moving traffic violation,False,high,66
832208,2011-01-08_01:33:00,-26.204684999999998,27.924415600000003,27.05699518402726,25.0,tall,male,82f2e31c2b,vehicular,moving traffic violation,True,False,True,arrest,False,False,False,True,True,True,True,plain view,moving traffic violation,False,high,64
658811,2010-12-30_02:55:00,-26.177696200000007,27.9325666,26.903152004442823,18.0,tall,male,82f2e31c2b,vehicular,vehicle equipment violation,False,False,True,warning,False,False,False,False,True,False,True,plain view,vehicle equipment violation,True,high,67
2572203,2013-07-24_00:15:00,-26.204684999999998,27.924415600000003,28.327278549383,25.0,short,male,82f2e31c2b,vehicular,moving traffic violation,False,False,True,warning,False,False,False,False,True,False,True,plain view,moving traffic violation,False,high,58
2776821,2012-08-23_03:32:00,-26.1924139,27.929241200000007,19.141256752267417,46.0,medium,female,82f2e31c2b,vehicular,vehicle equipment violation,False,False,True,warning,False,False,False,False,True,False,True,plain view,vehicle equipment violation,False,high,75
122571,2011-10-26_00:22:00,-26.204684999999998,27.924415600000003,35.93979303645733,63.0,tall,male,82f2e31c2b,vehicular,moving traffic violation,False,False,True,warning,False,False,False,False,True,False,True,plain view,moving traffic violation,False,high,57
69294,2011-10-19_04:23:00,-26.17206579999999,27.9384292,21.12819159241708,35.0,tall,male,82f2e31c2b,vehicular,moving traffic violation,False,False,True,warning,False,False,False,False,True,False,True,plain view,moving traffic violation,False,high,61
522227,2012-12-01_23:28:00,-26.177333399999995,27.936440100000027,25.523469758954313,22.0,tall,male,82f2e31c2b,vehicular,moving traffic violation,False,False,True,warning,False,False,False,False,True,False,True,plain view,moving traffic violation,False,high,70
1597185,2011-03-18_18:50:00,-26.191959699999998,27.929303200000007,31.160775045460056,23.0,medium,male,82f2e31c2b,vehicular,moving traffic violation,False,False,True,warning,False,False,False,False,True,False,True,plain view,moving traffic violation,False,high,55
2525820,2014-07-18_01:18:00,-26.204684999999998,27.924415600000003,28.37545315207011,47.0,tall,male,82f2e31c2b,vehicular,moving traffic violation,False,False,True,warning,False,False,False,False,True,False,True,plain view,moving traffic violation,False,high,70
185125,2013-10-06_02:48:00,-26.1728315,27.940405000000027,18.320294708233313,21.0,short,female,82f2e31c2b,vehicular,registration,False,False,True,warning,False,False,False,False,True,False,True,plain view,registration,False,high,72
2721840,2013-08-16_02:38:00,-26.179543099999997,27.928801800000002,18.836721330684288,29.0,medium,female,82f2e31c2b,vehicular,moving traffic violation,False,False,True,warning,False,False,False,False,True,False,True,plain view,moving traffic violation,False,high,60
370311,2012-11-28_01:34:00,-26.190390299999997,27.92952009999999,20.425019617285443,21.0,tall,female,82f2e31c2b,vehicular,moving traffic violation,False,False,True,warning,False,False,False,False,True,False,True,plain view,moving traffic violation,False,high,57
1720814,2016-03-03_23:53:00,-26.1737659,27.899176200000028,37.76903659787747,23.0,medium,male,3ce33785e5,vehicular,vehicle equipment violation,False,True,True,citation,False,False,False,True,True,True,True,consent,vehicle equipment violation,False,high,73
3054215,2013-09-04_00:20:00,-26.204684999999998,27.924415600000003,18.594280352687367,33.0,tall,male,82f2e31c2b,vehicular,moving traffic violation,False,False,True,warning,False,False,False,False,True,False,True,plain view,moving traffic violation,False,high,62
1394483,2011-02-20_04:48:00,-26.171583499999997,27.939343800000003,24.030103890275505,27.0,tall,male,82f2e31c2b,vehicular,moving traffic violation,False,False,True,warning,False,False,False,False,True,False,True,plain view,moving traffic violation,False,high,66
2091145,2015-05-20_01:15:00,-26.204684999999998,27.924415600000003,39.07567285608843,24.0,tall,female,82f2e31c2b,vehicular,moving traffic violation,False,False,True,warning,False,False,False,False,True,False,True,plain view,moving traffic violation,False,high,68
510517,2010-12-11_04:46:00,-26.210343699999996,27.921272500000043,29.984973796702153,23.0,tall,male,82f2e31c2b,vehicular,moving traffic violation,False,False,True,warning,False,False,False,False,True,False,True,plain view,moving traffic violation,False,high,59
2150857,2010-05-28_04:12:00,-26.204684999999998,27.924415600000003,22.314193487764967,41.0,tall,female,82f2e31c2b,vehicular,moving traffic violation,False,False,True,warning,False,False,False,False,True,False,True,plain view,moving traffic violation,False,high,61
2453559,2011-06-09_00:22:00,-26.183478299999997,27.920680000000004,27.550503918041198,31.0,tall,male,82f2e31c2b,vehicular,moving traffic violation,False,False,True,warning,False,False,False,False,True,False,True,plain view,moving traffic violation,False,high,69
1419433,2015-02-22_00:59:00,-26.205594599999998,27.923414000000008,37.424717513729895,21.0,medium,female,82f2e31c2b,vehicular,vehicle equipment violation,False,False,True,warning,False,False,False,False,True,False,True,plain view,vehicle equipment violation,False,high,59
1784791,2010-04-01_01:17:00,-26.174365099999996,27.940284500000004,26.57029932846764,45.0,tall,male,82f2e31c2b,vehicular,vehicle equipment violation,False,False,True,warning,False,False,False,False,True,False,True,plain view,vehicle equipment violation,False,high,73
74399,2010-10-20_01:29:00,-26.1769896,27.934008700000007,29.228183455714777,28.0,tall,male,82f2e31c2b,vehicular,moving traffic violation,False,False,True,warning,False,False,False,False,True,False,True,plain view,moving traffic violation,False,high,66
524706,2013-12-01_00:25:00,-26.189136499999996,27.9125978,27.644957604139766,26.0,tall,female,82f2e31c2b,vehicular,moving traffic violation,False,False,True,warning,False,False,False,False,True,False,True,plain view,moving traffic violation,False,high,62
2442931,2014-06-07_00:46:00,-26.173416699999997,27.942547200000007,43.46084252082387,24.0,tall,female,82f2e31c2b,vehicular,vehicle equipment violation,False,False,True,warning,False,False,False,False,True,False,True,plain view,vehicle equipment violation,False,high,67
2712631,2012-08-15_01:06:00,-26.173416699999997,27.942547200000007,33.56311748298393,38.0,tall,male,82f2e31c2b,vehicular,registration,False,False,True,warning,False,False,False,False,True,False,True,plain view,registration,False,high,66
2523392,2012-07-18_03:00:00,-26.173416699999997,27.942547200000007,24.952962424154638,36.0,tall,male,82f2e31c2b,vehicular,moving traffic violation,False,False,True,warning,False,False,False,False,True,False,True,plain view,moving traffic violation,False,high,57
2300501,2010-06-18_01:38:00,-26.168346799999995,27.910752200000005,17.224211678614097,53.0,medium,female,2b7a7efb70,vehicular,vehicle equipment violation,False,False,True,warning,False,False,False,False,True,True,True,consent,vehicle equipment violation,False,high,94
1374526,2012-02-17_03:47:00,-26.174365099999996,27.940284500000004,15.832953718158054,19.0,tall,female,82f2e31c2b,vehicular,vehicle equipment violation,False,False,True,warning,False,False,False,False,True,False,True,plain view,vehicle equipment violation,False,high,66
2978225,2012-09-02_01:22:00,-26.174365099999996,27.940284500000004,30.667651237965647,24.0,medium,female,82f2e31c2b,vehicular,registration,False,False,True,warning,False,False,False,False,True,False,True,plain view,registration,False,high,60
489845,2014-11-09_02:24:00,-26.171583499999997,27.939343800000003,34.196867855234416,24.0,tall,female,82f2e31c2b,vehicular,vehicle equipment violation,False,False,True,warning,False,False,False,False,True,False,True,plain view,vehicle equipment violation,False,high,67
2632018,2014-07-04_01:01:00,-26.209282099999996,27.922055400000005,33.21344512117266,61.0,tall,male,82f2e31c2b,vehicular,moving traffic violation,False,False,True,warning,False,False,False,False,True,False,True,plain view,moving traffic violation,False,high,61
2814684,2015-08-28_02:47:00,-26.204684999999998,27.924415600000003,46.7695996576896,34.0,medium,male,82f2e31c2b,vehicular,moving traffic violation,False,False,True,warning,False,False,False,False,True,False,True,plain view,moving traffic violation,True,high,58
1914949,2012-04-26_19:12:00,-26.179543099999997,27.928801800000002,33.600246340513316,31.0,tall,male,82f2e31c2b,vehicular,moving traffic violation,False,False,True,warning,False,False,False,False,True,False,True,plain view,moving traffic violation,False,high,62
1865381,2012-04-21_00:51:00,-26.179543099999997,27.928801800000002,24.06322442867194,20.0,short,female,82f2e31c2b,vehicular,vehicle equipment violation,False,False,True,warning,False,False,False,False,True,False,True,plain view,vehicle equipment violation,False,high,65
1441542,2015-02-25_00:31:00,-26.176205699999997,27.935604900000044,28.271408169000654,46.0,medium,male,82f2e31c2b,vehicular,vehicle equipment violation,False,False,True,warning,False,False,False,False,True,False,True,plain view,vehicle equipment violation,False,high,71
625217,2011-12-22_01:35:00,-26.204684999999998,27.924415600000003,31.025500096793984,35.0,short,female,82f2e31c2b,vehicular,moving traffic violation,False,False,True,warning,False,False,False,False,True,False,True,plain view,moving traffic violation,False,high,65
809485,2014-01-05_00:29:00,-26.172562299999996,27.937385600000027,28.564621296859215,52.0,medium,male,82f2e31c2b,vehicular,moving traffic violation,False,False,True,warning,False,False,False,False,True,False,True,plain view,moving traffic violation,False,high,65
2125500,2012-05-24_17:35:00,-26.1740111,27.94116290000001,28.204073178041163,28.0,medium,female,82f2e31c2b,vehicular,seatbelt violation,False,False,True,warning,False,False,False,False,True,False,True,plain view,seatbelt violation,False,high,75
1880400,2011-04-22_00:45:00,-26.1854437,27.9168303,18.637920021115434,24.0,tall,male,82f2e31c2b,vehicular,moving traffic violation,False,False,True,warning,False,False,False,False,True,False,True,plain view,moving traffic violation,False,high,62
833123,2012-01-08_03:44:00,-26.174365099999996,27.940284500000004,51.56211625818624,24.0,tall,female,6f0e6c9ea2,vehicular,moving traffic violation,True,False,False,arrest,False,False,False,False,True,True,False,other,moving traffic violation,True,high,86
785686,2015-01-31_01:25:00,-26.204684999999998,27.924415600000003,24.776632888024892,33.0,medium,male,82f2e31c2b,vehicular,moving traffic violation,False,False,True,warning,False,False,False,False,True,False,True,plain view,moving traffic violation,False,high,73
1467271,2012-02-29_00:05:00,-26.178623199999997,27.9306708,33.61027180999842,23.0,medium,male,6f0e6c9ea2,vehicular,moving traffic violation,False,True,True,citation,False,False,False,True,True,True,False,consent,moving traffic violation,False,high,82
1745035,2011-03-07_02:09:00,-26.2213251,27.917857499999982,37.530586894248955,18.0,tall,male,2b7a7efb70,vehicular,moving traffic violation,False,False,True,warning,False,False,False,False,True,True,True,consent,moving traffic violation,True,high,92
1615895,2014-03-20_00:58:00,-26.1813991,27.930875200000003,27.27293743684595,22.0,tall,female,82f2e31c2b,vehicular,moving traffic violation,False,False,True,warning,False,False,False,False,True,False,True,plain view,moving traffic violation,False,high,69
2456736,2014-06-09_06:18:00,-26.1736126,27.9112363,20.15109544262046,20.0,medium,male,3ce33785e5,vehicular,vehicle equipment violation,False,False,True,warning,False,False,False,True,True,True,True,probable cause,vehicle equipment violation,False,high,72
2569556,2010-07-24_01:13:00,-26.172562299999996,27.937385600000027,35.00828778622923,23.0,medium,female,82f2e31c2b,vehicular,moving traffic violation,False,False,True,warning,False,False,False,False,True,False,True,plain view,moving traffic violation,False,high,59
489895,2014-11-09_02:54:00,-26.196070499999998,27.910718700000004,24.078587937803658,41.0,tall,male,6f0e6c9ea2,vehicular,investigative stop,True,False,False,arrest,True,True,False,True,True,True,True,other,investigative stop,False,high,106
2548432,2010-07-02_04:37:00,-26.178623199999997,27.9306708,35.13909735895659,24.0,tall,female,82f2e31c2b,vehicular,moving traffic violation,False,False,True,warning,False,False,False,False,True,False,True,plain view,moving traffic violation,False,high,60
1614094,2013-03-20_22:51:00,-26.175401299999997,27.940959700000008,38.706944028076485,52.0,tall,male,82f2e31c2b,vehicular,moving traffic violation,False,False,True,warning,False,False,False,False,True,False,True,plain view,moving traffic violation,False,high,60
2078659,2011-05-19_03:30:00,-26.204684999999998,27.924415600000003,32.921894201843955,42.0,tall,male,82f2e31c2b,vehicular,moving traffic violation,False,False,True,warning,False,False,False,False,True,False,True,plain view,moving traffic violation,False,high,61
764019,2012-12-09_21:53:00,-26.1839353,27.930448500000026,38.25896254291526,27.0,tall,female,82f2e31c2b,vehicular,moving traffic violation,False,False,True,warning,False,False,False,False,True,False,True,plain view,moving traffic violation,False,high,58
36384,2012-10-14_00:03:00,-26.175401299999997,27.940959700000008,25.362790733715954,34.0,tall,female,82f2e31c2b,vehicular,vehicle equipment violation,False,False,True,warning,False,False,False,False,True,False,True,plain view,vehicle equipment violation,False,high,68
2170274,2014-05-30_15:38:00,-27.09048,28.886583,30.506043901313554,21.0,medium,female,498350de5b,vehicular,moving traffic violation,False,True,False,citation,False,False,False,False,True,False,True,other,moving traffic violation,False,very low,60
2643049,2012-07-06_18:32:00,-27.322559,29.41073800000001,26.545725100471966,34.0,medium,female,d6864f2be6,vehicular,moving traffic violation,False,False,True,warning,False,False,False,False,True,False,True,plain view,moving traffic violation,False,very low,62
2120054,2014-05-23_02:00:00,-27.3337151,29.447508099999993,35.0914027828102,19.0,tall,female,82f2e31c2b,vehicular,vehicle equipment violation,False,False,True,warning,False,False,False,False,True,False,True,plain view,vehicle equipment violation,False,very low,52
2050658,2013-05-15_10:10:00,-28.164700099999997,29.936397900000003,27.329318954805203,36.0,tall,male,9d1e57a193,vehicular,vehicle equipment violation,False,False,True,warning,False,False,False,False,True,False,True,consent,vehicle equipment violation,False,very low,63
28620,2011-10-13_01:07:00,-26.917692499999987,28.758251300000026,18.804126378840998,27.0,tall,female,82f2e31c2b,vehicular,moving traffic violation,False,False,True,warning,False,False,False,False,True,False,True,plain view,moving traffic violation,False,very low,52
